year,month,globe_land_ocean,globe_land,globe_ocean,nhem_land_ocean,nhem_land,nhem_ocean,shem_land_ocean,shem_land,shem_ocean,africa_land,asia_land,europe_land,north_america_land,south_america_land,oceania_land,arctic_land_ocean,antarctic_land_ocean
1850,1,-0.43,-1.23,-0.07,-0.83,-1.61,-0.24,-0.03,-0.36,0.05,-1.25,-2.43,-3.36,-0.78,-0.3,-0.39,-1.28,0.12
1850,2,-0.13,-0.5,0.04,-0.22,-0.58,0.05,-0.04,-0.32,0.03,-1.79,-0.63,0.24,0.17,0.23,-0.72,0.56,-0.14
1850,3,-0.18,-0.44,-0.07,-0.27,-0.5,-0.09,-0.1,-0.29,-0.05,-1.21,0.58,-1.97,-1.79,-0.19,-0.22,0.2,0.04
1850,4,-0.36,-0.93,-0.1,-0.51,-1.15,-0.04,-0.21,-0.45,-0.15,-1.09,-1.66,-0.54,-1.14,-0.17,-0.78,-0.36,-0.1
1850,5,-0.25,-0.79,-0.01,-0.52,-1.05,-0.12,0.02,-0.2,0.07,-1.26,-1.49,-0.56,-0.28,-0.05,-0.21,-1.24,0.02
1850,6,-0.03,-0.27,0.07,-0.05,-0.36,0.18,-0.02,-0.08,-0,-0.5,-0.93,0.45,0.47,-0.15,0.26,-0.4,0.1
1850,7,0.04,-0.02,0.07,0.02,-0.09,0.1,0.06,0.12,0.05,-0.43,-0.38,0.08,0.67,0.31,0.02,-0.11,0.24
1850,8,-0.02,0.15,-0.09,-0,0.12,-0.09,-0.03,0.23,-0.09,-0.55,-0.17,0.32,1.07,0.27,0.56,0.34,0.38
1850,9,-0.08,-0.18,-0.04,-0.09,-0.23,0.01,-0.08,-0.08,-0.08,0.17,-0.77,-0.85,0.85,-0.06,-0.33,-0.77,0.12
1850,10,-0.21,-0.97,0.14,-0.39,-1.12,0.16,-0.02,-0.64,0.12,-0.72,-2.2,-0.54,0.73,-0.61,-1.29,-1.98,0.1
1850,11,-0.12,-0.59,0.09,-0.27,-0.79,0.12,0.03,-0.15,0.07,-1.32,-1.64,-0.27,0.95,-0.11,-0.09,-0.71,0.2
1850,12,-0.04,-0.11,-0.01,-0.17,-0.19,-0.16,0.08,0.06,0.09,-0.43,0.16,0.08,-0.78,0.43,0,-0.4,-0.07
1851,1,-0.16,-0.53,0.01,-0.31,-0.75,0.03,-0.01,-0.02,-0,-1.26,-1.32,0.01,0.55,0.16,0.43,-0.75,-0.04
1851,2,-0.09,-0.16,-0.05,-0.08,-0.18,-0.01,-0.09,-0.12,-0.08,-0.73,-0.6,-0.39,0.89,0.3,-0.62,0.11,0.04
1851,3,-0.21,-0.65,-0.01,-0.46,-0.99,-0.05,0.04,0.12,0.02,-0.63,-2.55,-0.66,1.16,0.2,0.42,-0.81,-0.03
1851,4,-0.31,-0.71,-0.14,-0.47,-0.92,-0.13,-0.16,-0.22,-0.14,-0.64,-2.54,0.44,0.97,0.03,-0.23,-0.79,-0.03
1851,5,-0.19,-0.53,-0.04,-0.23,-0.58,0.03,-0.15,-0.41,-0.09,-0.78,-1.13,-0.23,0.46,-0.52,-0.27,-0.31,-0.06
1851,6,0,-0.27,0.13,0.01,-0.34,0.28,-0.01,-0.11,0.02,-0.24,-0.53,-0.48,-0.21,0.36,-0.64,-0.04,-0.03
1851,7,0.14,0.11,0.15,0.11,0.04,0.17,0.16,0.26,0.14,0.13,-0.13,-0.48,0.13,0.93,-0.39,0.48,0.2
1851,8,0.18,0.11,0.21,0.07,-0.09,0.2,0.29,0.55,0.23,-0.41,-0.12,-0.1,0.19,0.34,1.72,0.39,0.32
1851,9,-0.01,-0.16,0.06,-0.03,-0.23,0.13,0.01,-0.01,0.01,-0.83,-0.72,-0.36,1.15,-0.13,-0.16,-0.04,0.43
1851,10,0.04,0.06,0.03,-0.02,0.03,-0.05,0.09,0.13,0.08,-0.15,-0.51,0.76,1.16,0.3,0.06,0.08,0.2
1851,11,-0.03,-0.6,0.23,-0.24,-0.73,0.13,0.18,-0.31,0.29,-1.44,-1.39,0.04,0.53,-0.02,-0.72,0.47,0.05
1851,12,-0.03,-0.3,0.09,-0.05,-0.36,0.19,-0.01,-0.17,0.03,-0.81,0.02,-0.11,-1.13,0.1,-0.31,0.67,-0.13
1852,1,-0.05,0.02,-0.09,0.07,0.08,0.06,-0.18,-0.1,-0.19,-0.9,-0.33,0.42,1.78,0.25,0.03,1.13,-0.26
1852,2,-0.21,-0.52,-0.08,-0.28,-0.54,-0.08,-0.15,-0.47,-0.08,-1.02,-1.59,-0.36,1.08,-0.27,-0.72,0.61,-0.12
1852,3,-0.28,-1,0.04,-0.47,-1.35,0.21,-0.1,-0.21,-0.07,-0.9,-1.72,-1.2,-1.68,-0.19,-0.05,-0.53,-0.1
1852,4,-0.18,-0.69,0.06,-0.33,-0.86,0.07,-0.03,-0.33,0.04,-0.72,-1.26,-1.94,-0.39,0.03,-0.63,-0.2,-0.11
1852,5,-0.06,-0.35,0.08,-0.09,-0.37,0.12,-0.02,-0.31,0.04,-0.64,-0.67,-0.3,0.13,0.05,-0.83,0.07,-0.07
1852,6,0.16,0.14,0.17,0.11,-0.03,0.21,0.21,0.52,0.14,-0.21,-0.42,0.47,0.51,0.97,0.33,0.03,0.28
1852,7,0.07,-0.01,0.1,-0,-0.15,0.11,0.14,0.32,0.1,-0.08,-0.36,-0.03,0.03,0.84,0.59,0.07,-0.1
1852,8,0.06,0.11,0.04,0.03,-0.12,0.15,0.09,0.64,-0.04,0.27,-0.85,0.1,0.48,1.47,0.35,-0.2,0.27
1852,9,0.11,0.03,0.15,0.06,-0.13,0.2,0.17,0.4,0.12,0.31,-0.66,-0.01,0.1,0.31,0.97,0.01,0.22
1852,10,0.04,-0.23,0.16,-0.02,-0.38,0.25,0.1,0.12,0.1,0.1,-0.85,-0.61,0.93,0.39,0.12,-1.52,0.12
1852,11,-0.03,-0.37,0.13,-0.21,-0.73,0.19,0.15,0.44,0.09,-0.32,-1.26,0.29,0.22,0.77,0.97,-1.19,0.09
1852,12,0.07,-0.24,0.2,0.07,-0.37,0.4,0.06,0.06,0.07,-0.94,0.84,0.82,-1.76,0.5,0.14,-0.43,-0.16
1853,1,-0.16,-0.64,0.05,-0.17,-0.82,0.32,-0.16,-0.23,-0.14,-1.39,-1.54,1.4,0.04,0.1,-0.2,0.16,-0.19
1853,2,-0.19,-0.81,0.09,-0.27,-1.05,0.32,-0.11,-0.25,-0.08,-0.25,-2.18,0.18,-0.11,-0.36,0.32,-0.99,-0.16
1853,3,-0.16,-0.83,0.15,-0.4,-1.08,0.11,0.09,-0.27,0.18,-0.9,-1.42,-1.66,-0.48,-0.23,-0.21,-1.7,0.07
1853,4,-0.22,-0.84,0.06,-0.39,-0.99,0.07,-0.06,-0.49,0.04,-0.72,-2.11,-1.06,0.34,-0.28,-0.51,-0.87,-0.22
1853,5,-0.04,-0.26,0.07,-0.05,-0.36,0.19,-0.03,-0.03,-0.02,-0.68,-0.74,-0.33,0.4,0.19,-0.35,-0.2,0.1
1853,6,0.07,-0.15,0.16,0.03,-0.26,0.25,0.1,0.1,0.11,-0.89,-0.45,0.19,0.38,0.83,-0.68,-0.18,0.18
1853,7,0.17,0.19,0.16,0.21,0.14,0.27,0.13,0.3,0.09,-0.3,0.07,0.52,0.42,0.85,0.16,0.1,0.2
1853,8,0.02,-0.09,0.07,-0.06,-0.14,-0.01,0.1,0.03,0.12,-0.48,-0.16,0.01,0.15,0.1,0.08,-0.02,0.2
1853,9,-0.09,-0.22,-0.04,-0.21,-0.34,-0.12,0.03,0.06,0.02,-0.53,-0.4,-0.23,-0.55,0.25,0.05,-0.05,0.15
1853,10,-0.1,-0.34,0.01,-0.19,-0.5,0.05,-0.01,0,-0.02,-0.41,-0.88,0.67,-1,0.36,-0.22,0.18,0.17
1853,11,-0.13,-0.47,0.03,-0.24,-0.65,0.08,-0.02,-0.05,-0.01,-1.01,-0.89,-0.4,-1.07,-0.13,0.64,-0.07,0.1
1853,12,-0.05,-0.15,0,0.08,-0.02,0.16,-0.17,-0.45,-0.11,-0.83,-0.61,-1.41,1.34,-0.33,-0.65,1.03,0.01
1854,1,-0.21,-0.68,0,-0.42,-0.97,-0,0,-0.01,0.01,-0.64,-1.52,-0.68,-1.53,0.08,0.38,-0.34,0.01
1854,2,-0.09,-0.45,0.07,-0.18,-0.49,0.05,-0,-0.34,0.08,-1.22,-0.7,-0.91,0.09,-0.13,-0.44,0.82,-0.2
1854,3,-0.05,-0.15,-0.01,-0.04,-0.13,0.02,-0.07,-0.2,-0.04,-1.28,0.17,-0.91,-0.39,-0.06,-0.49,1.34,-0.02
1854,4,-0.06,-0.35,0.07,-0.08,-0.39,0.15,-0.04,-0.27,0.01,-1.3,-0.39,-1.05,0.19,-0.3,0.12,0.63,-0.1
1854,5,-0.07,-0.34,0.06,-0.09,-0.4,0.14,-0.04,-0.2,-0.01,-0.64,-0.44,0.52,-0.18,-0.1,-0.62,-0.69,0.1
1854,6,0.01,-0.1,0.06,-0.09,-0.2,-0.01,0.11,0.13,0.11,-0.62,-0.51,-0.2,0.51,1.09,-0.85,-0.03,0.2
1854,7,-0.02,0.04,-0.05,0.03,0.02,0.03,-0.07,0.1,-0.11,-0.85,-0.04,0.32,0.78,0.46,0.02,0.16,0.14
1854,8,-0.03,-0.06,-0.02,0.05,-0.04,0.13,-0.12,-0.11,-0.12,-1,0.11,0,0.4,-0.55,0.58,0.48,0.3
1854,9,-0,-0.21,0.09,0.02,-0.2,0.18,-0.02,-0.24,0.03,-0.64,-0.3,-0.59,0.2,-0.35,-0.16,0.06,0.2
1854,10,0.04,-0,0.07,0.12,0.07,0.16,-0.03,-0.18,-0,-0.55,0.43,0.36,0.31,0.02,-0.2,-0.16,0.12
1854,11,-0.01,0.03,-0.02,0.11,0.26,-0,-0.12,-0.49,-0.04,-0.59,0.16,-1.02,1.72,-0.24,-0.83,0.18,0.01
1854,12,-0.04,0.04,-0.08,0.11,0.15,0.07,-0.19,-0.21,-0.19,-0.82,0.8,0.65,0.5,-0.05,0.05,-0.35,0.04
1855,1,-0.08,-0.19,-0.03,0.03,-0.12,0.15,-0.2,-0.36,-0.16,-1.1,-0.16,-1.45,0.97,-0.19,-0.4,0.39,0.02
1855,2,-0.07,-0.26,0.02,-0.02,-0.16,0.08,-0.11,-0.49,-0.03,-0.59,0.56,-1.85,-0.21,-0.67,-0.18,-0.52,0.06
1855,3,-0.01,-0.16,0.05,0.04,-0.16,0.2,-0.07,-0.16,-0.05,-0.63,-0.18,-0.35,0.22,-0.23,0.5,-0.55,0.06
1855,4,-0.11,-0.21,-0.06,0.02,-0.11,0.11,-0.24,-0.46,-0.18,-1.11,0.29,-0.63,0.29,-0.43,-0.32,-0.09,0.03
1855,5,-0.11,-0.21,-0.06,-0.14,-0.27,-0.05,-0.07,-0.08,-0.07,-0.81,-0.49,-0.52,0.79,0.43,-0.39,-0.7,0.12
1855,6,-0.03,-0.07,-0.01,-0.03,-0.21,0.11,-0.03,0.26,-0.1,-0.93,-0.4,0.24,0.47,0.75,-0.2,-0.2,0.38
1855,7,-0.16,-0.29,-0.1,-0.19,-0.37,-0.05,-0.13,-0.11,-0.14,-0.57,-0.82,0.41,0.27,-0.08,0.04,-0.45,0.16
1855,8,-0.03,-0.26,0.07,-0.1,-0.33,0.08,0.03,-0.12,0.06,-1.05,-0.29,-0.21,0.09,0.18,-0.32,0.25,0.12
1855,9,-0.14,-0.35,-0.05,-0.24,-0.48,-0.06,-0.04,-0.04,-0.05,-0.58,-0.58,-1.09,-0.35,-0.32,0.55,-0.48,0.19
1855,10,-0.02,-0.26,0.09,-0.01,-0.41,0.3,-0.02,0.08,-0.05,-0.48,-0.79,0.62,0.5,0.25,0.14,-0.88,0.19
1855,11,-0.09,-0.53,0.11,-0.23,-0.75,0.17,0.05,-0.03,0.06,-0.33,-1.73,-0.8,0.28,0.33,0.08,-0.83,-0.06
1855,12,-0.06,-0.6,0.19,-0.2,-0.7,0.17,0.09,-0.37,0.19,-0.86,-1.01,-2.64,0.3,-0.22,-0.71,-0.25,0.07
1856,1,0.18,0.4,0.09,0.33,0.56,0.15,0.04,0.01,0.05,-0.42,0.55,0.84,1.76,0.35,0.32,1.85,-0.21
1856,2,0.02,-0.03,0.05,0.05,-0.01,0.1,-0.01,-0.08,0.01,-0.54,-1.31,-0.14,1.99,0.23,-0.15,1.42,-0.12
1856,3,-0.06,-0.27,0.03,-0.07,-0.32,0.12,-0.05,-0.15,-0.03,-1.27,-0.86,-2.14,1.27,-0.47,0.79,1.37,0.04
1856,4,-0.25,-0.56,-0.11,-0.3,-0.61,-0.06,-0.21,-0.44,-0.15,-1.36,-1.17,-0.48,0.89,-0.49,-0.24,-0.25,-0.02
1856,5,-0.16,-0.56,0.02,-0.18,-0.57,0.11,-0.14,-0.52,-0.05,-0.76,-1.02,-0.64,0.52,-0.46,-0.67,-0.94,0.02
1856,6,-0.05,-0.1,-0.03,-0.09,-0.19,-0.02,-0.01,0.1,-0.04,-0.68,-0.58,0.1,0.88,0.07,0.34,-0.41,0.24
1856,7,-0.12,-0.2,-0.09,-0.22,-0.17,-0.26,-0.03,-0.27,0.03,-1.01,-0.04,-0.95,0.41,-0.24,-0.22,-0.13,0.29
1856,8,-0.28,-0.62,-0.13,-0.5,-0.77,-0.29,-0.06,-0.26,-0.01,-1.2,-0.92,-0.49,-0.39,-0.26,0.35,-0.68,0.1
1856,9,-0.22,-0.4,-0.14,-0.36,-0.53,-0.22,-0.09,-0.09,-0.08,-0.65,-0.95,-0.72,0.37,-0.36,0.22,-0.53,0.14
1856,10,-0.36,-0.83,-0.15,-0.47,-0.95,-0.1,-0.25,-0.57,-0.17,-1.05,-1.12,-0.44,-0.23,-0.5,-0.96,-1.41,0.07
1856,11,-0.17,-0.15,-0.18,-0.26,-0.11,-0.36,-0.08,-0.24,-0.04,-1.2,0.04,-2.68,1.47,0.12,-0.55,0.29,-0.05
1856,12,-0.07,0.22,-0.2,0.04,0.5,-0.31,-0.18,-0.43,-0.12,-1.36,1.57,0.05,1.04,-0.17,-0.71,0.68,-0.09
1857,1,-0.1,-0,-0.15,-0.08,0.06,-0.19,-0.12,-0.16,-0.12,-0.57,0.27,-0.1,0.62,-0.05,0.15,0.44,-0.18
1857,2,-0.31,-0.61,-0.18,-0.37,-0.71,-0.1,-0.26,-0.36,-0.23,-1.53,-1.67,-0.95,1.71,-0.52,-0.2,-0.39,-0.08
1857,3,-0.15,0.02,-0.22,-0.09,-0.04,-0.12,-0.21,0.15,-0.29,-0.4,-0.95,-0.61,1.22,0.29,0.18,1.06,0.02
1857,4,-0.29,-0.41,-0.24,-0.41,-0.68,-0.21,-0.17,0.21,-0.26,-0.08,-1.59,-0.11,-0.29,-0.03,0.9,-0.4,-0.01
1857,5,-0.37,-0.62,-0.26,-0.46,-0.71,-0.28,-0.27,-0.4,-0.24,-0.78,-1.46,-0.69,0.31,-0.2,-0.88,-0.44,-0.01
1857,6,-0.14,-0.26,-0.08,-0.15,-0.39,0.04,-0.12,0.05,-0.16,-0.4,-0.8,-0.41,0.15,0.33,-0.16,-0.07,0.04
1857,7,-0.16,-0.26,-0.12,-0.2,-0.36,-0.07,-0.13,-0.03,-0.16,-0.88,-0.51,-0.27,0.21,0.44,0.02,-0.21,0.03
1857,8,-0.18,-0.29,-0.13,-0.23,-0.43,-0.09,-0.12,0.03,-0.15,-0.93,-0.45,0.08,-0.48,0,0.31,0.04,0.3
1857,9,-0.22,-0.51,-0.09,-0.27,-0.62,-0.01,-0.17,-0.27,-0.15,-0.63,-1,-0.52,-0.09,-0.07,-0.24,-0.52,-0.01
1857,10,-0.25,-0.55,-0.12,-0.43,-0.72,-0.21,-0.07,-0.15,-0.05,-0.6,-1.3,0.65,0.26,0.04,-0.25,-1.41,0.18
1857,11,-0.15,-0.34,-0.06,-0.16,-0.43,0.05,-0.14,-0.15,-0.14,-1.17,-0.85,-0.46,1.3,0.35,-0.47,-0.12,0.03
1857,12,-0.01,0.29,-0.15,0.09,0.42,-0.17,-0.11,-0.01,-0.14,-1.28,0.69,0.45,2.25,0.27,0,0.25,0.08
1858,1,-0.13,-0.15,-0.12,-0.13,-0.17,-0.1,-0.13,-0.1,-0.14,-1.36,-0.06,-1.56,1.29,0.04,-0.24,0.2,0.05
1858,2,-0.14,-0.32,-0.06,-0.19,-0.38,-0.05,-0.09,-0.2,-0.06,-0.96,-0.29,-2.07,-0.18,-0.1,-0.45,1.24,0.12
1858,3,-0.06,-0.17,-0.01,-0.1,-0.24,0.01,-0.02,-0.02,-0.02,0.11,-0.77,-0.96,0.6,0.05,-0.28,-0.54,0.13
1858,4,-0.21,-0.29,-0.18,-0.16,-0.26,-0.08,-0.27,-0.34,-0.25,-0.78,-0.2,-0.61,-0.02,-0.08,-0.69,0.04,-0.17
1858,5,-0.26,-0.74,-0.04,-0.32,-0.78,0.02,-0.2,-0.65,-0.09,-1.49,-0.66,-0.37,-0.58,-0.99,-0.29,-0.23,-0.01
1858,6,-0.1,-0.26,-0.03,-0.12,-0.3,0.01,-0.07,-0.15,-0.05,-0.39,-0.77,0.77,0.55,-0.02,-0.86,-0.29,0.02
1858,7,-0.1,-0.27,-0.02,-0.2,-0.27,-0.14,0.01,-0.26,0.07,-1.21,-0.2,0.19,0.19,-0.31,-0.87,0.34,0.34
1858,8,-0,-0.28,0.12,-0.15,-0.36,0.01,0.14,-0.09,0.2,-0.47,-0.77,0.05,-0,-0.15,-0.19,-0.16,0.26
1858,9,-0.22,-0.56,-0.07,-0.43,-0.68,-0.23,-0.02,-0.27,0.04,-1.25,-1,0.31,0.19,-0.43,-0.39,-0.71,0.26
1858,10,-0.06,-0.27,0.04,-0.1,-0.29,0.05,-0.02,-0.23,0.03,-0.35,-0.65,0.72,0.44,-0.15,-0.53,-0.61,0.15
1858,11,-0.19,-0.55,-0.03,-0.27,-0.57,-0.05,-0.11,-0.53,-0.01,-0.82,-0.44,-1.8,0.58,-0.68,0.15,-1.14,-0.08
1858,12,-0.25,-0.61,-0.09,-0.26,-0.65,0.05,-0.24,-0.5,-0.18,-1.37,-0.66,-0.34,-0.07,-0.72,-0.29,-1.16,0.08
1859,1,-0.15,-0.43,-0.03,-0.16,-0.39,0.01,-0.15,-0.52,-0.06,-1.48,-0.42,0.26,1.09,-0.46,-0.73,-0.34,-0.07
1859,2,-0.04,-0.22,0.04,-0.07,-0.25,0.07,-0.02,-0.16,0.02,-0.77,-0.56,0.88,0.59,-0.2,-0.29,0.23,-0.12
1859,3,-0.04,-0.06,-0.03,0.08,0.08,0.07,-0.16,-0.39,-0.1,-0.84,-0.31,0.4,1.16,-0.38,-0.93,1.23,-0.02
1859,4,-0.04,-0.06,-0.03,0.03,0.14,-0.05,-0.11,-0.52,-0.01,0.09,0.35,0.24,-0,-0.34,-1.56,-0.23,0.09
1859,5,0.05,0.01,0.07,0.09,0.09,0.09,0.01,-0.19,0.05,0.51,-0.27,0.54,0.52,-0.37,-0.64,-0.74,0.01
1859,6,-0.05,-0.09,-0.03,0.02,-0.02,0.05,-0.11,-0.26,-0.08,-0.37,-0.02,0.24,0.2,-0.12,-0.46,0.02,0.03
1859,7,-0.28,-0.5,-0.17,-0.34,-0.51,-0.21,-0.21,-0.47,-0.15,-0.94,-0.45,0.54,-0.46,-0.49,-0.74,-0.33,0.07
1859,8,0.05,-0.1,0.12,0.09,-0.11,0.23,0.01,-0.09,0.04,-0.42,-0.36,0.78,0.5,-0.48,0.38,-0.27,0.28
1859,9,-0.23,-0.55,-0.09,-0.26,-0.54,-0.05,-0.2,-0.58,-0.11,-0.69,-0.7,0.19,-0.24,-1.26,-0.66,-0.28,0.14
1859,10,-0.18,-0.48,-0.04,-0.26,-0.58,-0.02,-0.09,-0.25,-0.06,-0.72,-0.78,0.45,-0.48,-0.65,0.41,-1.01,0.14
1859,11,-0.06,-0.33,0.06,-0.04,-0.16,0.05,-0.07,-0.7,0.07,-1.24,0.45,-0.49,0.57,-0.89,-0.64,-0.69,-0
1859,12,0.17,0.13,0.19,0.22,0.23,0.21,0.12,-0.11,0.17,-0.76,0.88,-0.97,0.89,-0.16,-0.06,1.3,-0.01
1860,1,-0.17,-0.63,0.03,-0.32,-0.67,-0.05,-0.03,-0.53,0.09,-1.01,-1.8,0.68,0.46,-0.64,-0.35,0.08,-0.09
1860,2,-0.16,-0.76,0.1,-0.28,-0.85,0.15,-0.05,-0.55,0.07,-0.9,-1.31,-1.2,-0.05,-0.67,-0.74,-0.68,0.08
1860,3,-0.29,-0.81,-0.05,-0.51,-1.01,-0.14,-0.07,-0.38,0.01,-0.17,-3.24,-1.46,1.19,-0.53,-0.72,0.95,0.03
1860,4,-0.22,-0.51,-0.1,-0.28,-0.51,-0.1,-0.17,-0.5,-0.09,-0.03,-1.28,-0.15,0.3,-1.17,-0.37,-0.58,-0.1
1860,5,-0.18,-0.68,0.05,-0.16,-0.5,0.1,-0.19,-1.09,0.02,-1.26,-0.87,-0.32,0.88,-1.66,-0.93,-0.19,-0.18
1860,6,-0.17,-0.32,-0.1,-0.14,-0.21,-0.09,-0.19,-0.57,-0.11,-0.73,-0.29,0.49,0.2,-1.15,-0.66,0.04,0.26
1860,7,-0.21,-0.42,-0.11,-0.29,-0.48,-0.15,-0.12,-0.28,-0.08,-1.27,-0.28,-0.37,-0.17,-0.92,0.01,-0.22,0.38
1860,8,-0.05,-0.27,0.05,-0.15,-0.36,0,0.06,-0.06,0.09,-0.74,-0.33,-0.16,-0.13,-0.49,0.04,-0.46,0.36
1860,9,-0.08,-0.51,0.11,-0.17,-0.42,0.03,0,-0.7,0.16,-0.63,-0.35,-0.06,-0.44,-1.46,0.09,-0.73,-0.02
1860,10,-0.34,-0.69,-0.18,-0.42,-0.69,-0.21,-0.26,-0.7,-0.16,-0.87,-0.91,-0.68,-0.23,-1.27,-0.42,-0.75,0.18
1860,11,-0.17,-0.6,0.02,-0.18,-0.55,0.1,-0.16,-0.72,-0.03,-0.81,-1.38,-1.28,0.59,-0.79,-1.12,0.36,-0.03
1860,12,-0.4,-1.13,-0.07,-0.55,-1.39,0.08,-0.24,-0.52,-0.17,-0.69,-2.75,-1.38,-0.5,-0.8,-0.07,-1.34,-0.07
1861,1,-0.44,-1.23,-0.08,-0.69,-1.51,-0.07,-0.19,-0.59,-0.09,-1.06,-2.77,-3,-0.97,-0.89,-0.43,0.54,-0.08
1861,2,-0.56,-0.99,-0.37,-0.81,-1.1,-0.6,-0.3,-0.73,-0.21,-0.97,-2.46,0.67,0.19,-0.64,-1.41,0.47,-0.02
1861,3,-0.18,-0.25,-0.14,-0.19,-0.26,-0.13,-0.17,-0.24,-0.15,-0.84,-0.58,0.47,-0.27,-0.58,0.08,1.46,-0.05
1861,4,-0.21,-0.69,0,-0.28,-0.64,-0,-0.15,-0.78,0,-1.32,-0.79,-1.22,-0.39,-1.09,-0.67,0.46,-0.23
1861,5,-0.41,-0.82,-0.22,-0.35,-0.71,-0.09,-0.46,-1.07,-0.32,-1.15,-0.54,-1.54,-0.57,-1.66,-0.89,-0.04,-0.15
1861,6,-0.21,-0.44,-0.11,-0.28,-0.38,-0.22,-0.14,-0.58,-0.04,-0.72,-0.52,0.53,-0.18,-1.03,-0.46,-0.43,0.04
1861,7,-0.16,-0.36,-0.08,-0.18,-0.23,-0.14,-0.15,-0.65,-0.03,-0.65,-0.19,0.42,-0.15,-1.29,-0.9,-0.13,0.37
1861,8,-0.23,-0.45,-0.14,-0.34,-0.52,-0.21,-0.13,-0.3,-0.09,-1.21,-0.17,0.14,-0.77,-0.46,-0.26,-0.23,0.15
1861,9,-0.2,-0.57,-0.03,-0.25,-0.51,-0.05,-0.15,-0.7,-0.02,-0.17,-0.84,-0.31,-0.69,-1.2,-0.75,-0.07,0.03
1861,10,-0.17,-0.83,0.12,-0.31,-0.92,0.16,-0.04,-0.63,0.1,-0.67,-1.48,0.25,-0.77,-1.45,-0.36,-0.78,0.2
1861,11,-0.05,-0.3,0.06,-0.02,-0.19,0.11,-0.08,-0.55,0.03,-0.44,-0.27,-0.23,-0.05,-0.99,-0.48,-0.79,0.04
1861,12,-0.15,-0.55,0.03,-0.3,-0.62,-0.05,-0,-0.38,0.09,-1.15,-0.75,-0.84,-0.31,-0.49,-0.33,-0.25,-0.01
1862,1,-0.41,-0.96,-0.16,-0.53,-1.16,-0.06,-0.28,-0.5,-0.23,-1.3,-2.33,-2,-1.01,-1.03,0.1,2.58,0.09
1862,2,-0.4,-1.01,-0.12,-0.54,-1.13,-0.08,-0.26,-0.73,-0.15,-1.14,-1.89,-1.77,-1.45,-1.4,-0.02,1.56,0.04
1862,3,-0.32,-0.8,-0.11,-0.54,-0.98,-0.21,-0.1,-0.38,-0.03,-0.87,-1.76,0.08,-0.52,-0.92,0.57,-0.19,-0.06
1862,4,-0.2,-0.83,0.09,-0.46,-1.01,-0.04,0.06,-0.43,0.18,-0.77,-1.55,0.52,-1.42,-0.54,-0.53,0.04,-0.12
1862,5,-0.26,-0.77,-0.03,-0.37,-0.81,-0.03,-0.15,-0.67,-0.03,-1.13,-1.22,0.59,-0.21,-0.91,-0.67,-0.83,-0.09
1862,6,-0.23,-0.41,-0.15,-0.29,-0.52,-0.12,-0.17,-0.16,-0.17,-0.75,-0.79,0.12,-0.04,-0.4,-0.27,-0.71,0.29
1862,7,-0.25,-0.53,-0.13,-0.29,-0.5,-0.12,-0.22,-0.58,-0.13,-0.86,-0.61,-0.28,-0.25,-1.23,-0.09,-0.54,0.24
1862,8,-0.3,-0.54,-0.19,-0.34,-0.44,-0.27,-0.26,-0.76,-0.14,-0.42,-0.63,-0.76,-0.41,-1.31,-0.69,-0.49,0.19
1862,9,-0.32,-0.67,-0.16,-0.39,-0.61,-0.23,-0.24,-0.8,-0.11,-0.85,-0.7,-0.3,-0.39,-1.84,0.04,-0.73,0.22
1862,10,-0.34,-0.97,-0.05,-0.54,-1.1,-0.12,-0.13,-0.69,-0.01,-1.21,-1.29,-0.28,-1.21,-1.24,-0.21,-0.91,0.1
1862,11,-0.21,-0.63,-0.02,-0.35,-0.79,-0.02,-0.06,-0.27,-0.02,-0.85,-1.18,-0.74,-0.87,-0.82,0.63,0.68,0.08
1862,12,-0.6,-1.24,-0.31,-0.93,-1.64,-0.39,-0.27,-0.35,-0.25,-1.59,-2.89,-2,0.13,-0.81,0.63,-1.51,0.05
1863,1,-0.16,-0.18,-0.15,-0.19,-0.15,-0.22,-0.13,-0.25,-0.1,-0.99,-0.25,1.12,0.84,-0.62,0.49,-0.27,-0.07
1863,2,-0.26,-0.65,-0.08,-0.46,-0.76,-0.23,-0.05,-0.41,0.03,-1.29,-0.12,0.77,-1.87,-0.84,-0.04,-0.36,-0.09
1863,3,-0.2,-0.31,-0.16,-0.23,-0.29,-0.18,-0.18,-0.35,-0.14,-0.38,-0.39,0.63,-0.77,-0.82,-0.07,0.31,0.03
1863,4,-0.15,-0.27,-0.1,-0.15,-0.11,-0.17,-0.16,-0.63,-0.05,-0.83,-0.07,-0.35,-0.68,-1.1,-0.63,1.78,-0.09
1863,5,-0.28,-0.61,-0.13,-0.19,-0.44,0,-0.37,-0.98,-0.22,-1.15,-0.68,0.39,0.16,-1.66,-0.42,-0.02,-0.11
1863,6,-0.3,-0.35,-0.27,-0.32,-0.29,-0.34,-0.27,-0.48,-0.22,-0.66,-0.52,0.18,0.09,-0.98,-0.06,-0.07,0.12
1863,7,-0.32,-0.56,-0.21,-0.43,-0.52,-0.37,-0.21,-0.66,-0.1,-0.78,-0.57,-0.57,-0.2,-1.2,-0.54,-0.5,0.08
1863,8,-0.28,-0.63,-0.13,-0.35,-0.59,-0.16,-0.22,-0.7,-0.1,-0.67,-0.42,0.13,-1.06,-1.29,-0.77,-0.54,0.15
1863,9,-0.39,-0.85,-0.18,-0.48,-0.85,-0.21,-0.3,-0.87,-0.16,-0.71,-1.03,0.5,-1.05,-1.92,-0.86,-0.54,0.14
1863,10,-0.4,-0.83,-0.21,-0.59,-0.82,-0.42,-0.2,-0.84,-0.05,-0.57,-0.93,0.47,-1.64,-1.59,-0.76,-0.38,0.17
1863,11,-0.13,-0.4,-0,-0.16,-0.18,-0.15,-0.1,-0.92,0.1,-0.79,0.05,0.38,-0.34,-1.32,-1.06,0.6,-0.09
1863,12,-0.18,-0.74,0.07,-0.19,-0.65,0.17,-0.17,-0.92,0,-1.64,0.29,-0.12,-1.6,-1.06,-1.05,-0.07,-0.06
1864,1,-0.4,-0.85,-0.19,-0.59,-0.92,-0.33,-0.2,-0.7,-0.09,-1.04,-1.68,-2.35,0.03,-1.15,-0.18,0.25,-0.04
1864,2,-0.38,-0.5,-0.33,-0.35,-0.34,-0.36,-0.41,-0.86,-0.3,-1.31,-1.65,-0.45,1.6,-1.42,-0.58,2.34,-0.02
1864,3,-0.33,-0.44,-0.28,-0.3,-0.39,-0.24,-0.35,-0.55,-0.31,-0.42,-1.26,0.63,0.08,-0.7,-0.33,0.82,-0.02
1864,4,-0.17,-0.54,0,-0.25,-0.6,0.02,-0.09,-0.42,-0.01,-0.58,-0.73,-0.78,-1.17,-0.87,0.36,-0.17,-0.1
1864,5,-0.11,-0.32,-0.01,-0.09,-0.14,-0.05,-0.13,-0.73,0.01,-0.52,-0.7,-1.44,1.25,-0.91,-0.19,0.33,-0.32
1864,6,-0.07,-0.2,-0.02,0.08,0.02,0.12,-0.22,-0.7,-0.11,-0.43,-0.29,0.34,0.68,-1.1,-0.19,0.04,0
1864,7,-0.12,-0.33,-0.02,0.01,-0.21,0.18,-0.24,-0.6,-0.16,-0.32,-0.36,-0.54,0.18,-1.48,0.16,-0.29,0.01
1864,8,-0.29,-0.65,-0.13,-0.34,-0.7,-0.06,-0.24,-0.53,-0.18,-1.05,-0.63,-1.13,-0.48,-1.22,-0.21,-0.4,0.17
1864,9,-0.22,-0.71,0,-0.34,-0.78,-0,-0.1,-0.53,0,-1.06,-0.99,-0.36,-0.35,-1.38,0.07,-0.83,0.25
1864,10,-0.26,-0.85,0.01,-0.34,-0.89,0.07,-0.18,-0.77,-0.04,-0.65,-0.78,-1.16,-1.27,-1.16,-0.95,-1.01,0.11
1864,11,-0.14,-0.78,0.15,-0.26,-0.84,0.19,-0.03,-0.64,0.12,-0.34,-1.26,-1.25,-0.11,-0.93,-0.58,-1.44,-0.06
1864,12,-0.28,-1.21,0.15,-0.59,-1.51,0.1,0.04,-0.53,0.17,-0.88,-2.39,-1.71,-1.32,-1.09,0.34,-0.48,-0.03
1865,1,0.14,0.3,0.07,0.38,0.63,0.18,-0.1,-0.46,-0.01,-0.06,1.42,0.82,0.23,-0.69,-0.11,0.74,-0.21
1865,2,-0.07,-0.72,0.22,-0.14,-0.86,0.4,0.01,-0.4,0.1,-0.38,-1.6,-1.68,0.56,-0.51,-0.44,-0.89,-0.04
1865,3,-0.2,-0.82,0.08,-0.4,-1.08,0.12,0.01,-0.21,0.06,-0.44,-1.39,-1.79,-1.95,-0.65,-0.06,-0.02,0.05
1865,4,-0.23,-0.88,0.07,-0.38,-0.99,0.09,-0.08,-0.62,0.05,-0.65,-1.2,-0,-0.96,-1.04,-0.61,-1.54,-0.02
1865,5,-0.2,-0.71,0.04,-0.24,-0.67,0.09,-0.15,-0.81,-0,-0.95,-0.63,0.69,-0.54,-0.98,-1.4,-1.24,-0
1865,6,0.03,-0.19,0.14,0.07,-0.17,0.25,-0,-0.24,0.05,-0.13,-0.31,-0.83,0.33,-0.01,-0.27,-0.66,-0.11
1865,7,0.06,-0.24,0.19,0.07,-0.16,0.25,0.05,-0.42,0.15,-0.24,-0.05,0.67,-0.59,-1.11,-0.35,-0.2,0.31
1865,8,0.02,-0.21,0.12,0.01,-0.19,0.16,0.03,-0.23,0.1,-0.42,-0.34,-0.43,0.25,-0.61,0.1,-0.49,0.25
1865,9,0.06,-0.2,0.17,0.12,-0.17,0.33,-0.01,-0.28,0.06,-0.95,-0.11,-0.1,0.5,-0.88,0.22,-0.28,0.32
1865,10,0.02,-0.43,0.23,0.04,-0.33,0.32,0,-0.65,0.16,-0.45,-0.32,0.12,-0.02,-0.91,-0.78,-0.44,0.06
1865,11,-0.1,-0.29,-0.02,-0.15,-0.23,-0.09,-0.06,-0.42,0.03,-1.02,-0.05,0.54,0.22,-0.61,-0.07,0.39,-0.02
1865,12,-0.07,-0.35,0.05,-0.19,-0.4,-0.03,0.05,-0.25,0.12,-0.1,-0.25,-0.33,-1.32,-0.44,-0.17,0.89,0.08
1866,1,0.09,-0.25,0.25,0.02,-0.16,0.16,0.16,-0.47,0.31,-0.78,1.14,1.39,-1.93,-0.46,-0.18,0.13,-0.24
1866,2,0.01,-0.33,0.16,0.06,-0.26,0.31,-0.05,-0.48,0.05,-0.02,-0.36,0.64,-1.2,-0.57,-0.23,-0.13,-0.12
1866,3,-0.1,-0.77,0.2,-0.27,-0.96,0.26,0.07,-0.33,0.16,-0.36,-1.2,-0.28,-1.35,-0.54,-0.16,-1.39,0.15
1866,4,-0.34,-0.65,-0.2,-0.6,-0.99,-0.31,-0.08,0.13,-0.13,-0.04,-1.3,0.22,-1.35,-0.46,0.89,-1.3,-0.05
1866,5,-0.33,-0.56,-0.23,-0.54,-0.7,-0.42,-0.12,-0.24,-0.1,-0.68,-0.65,-1.23,-0.46,-0.89,0.79,-0.87,-0.06
1866,6,0.01,-0.59,0.29,-0.06,-0.66,0.39,0.09,-0.43,0.22,-0.53,-0.86,0.84,-0.84,-1.37,-0.19,-0.61,0.19
1866,7,-0.05,-0.29,0.06,-0.13,-0.24,-0.05,0.04,-0.41,0.14,-0.77,-0.1,-0.28,0.04,-0.74,-0.37,-0.56,0.16
1866,8,-0.12,-0.6,0.09,-0.23,-0.56,0.03,-0.02,-0.68,0.13,-0.62,-0.4,-0.35,-0.92,-1.4,-1.03,-0.54,0.29
1866,9,-0.05,-0.25,0.04,-0.05,-0.29,0.14,-0.05,-0.15,-0.03,-0.54,0.07,1,-1.45,-0.92,0.52,0.19,0.3
1866,10,-0.28,-0.74,-0.07,-0.37,-0.82,-0.03,-0.19,-0.57,-0.1,-0.83,-0.87,-0.83,-1.23,-1.37,0.36,-0.61,0.18
1866,11,-0.13,-0.63,0.1,-0.09,-0.35,0.11,-0.17,-1.27,0.09,-1.64,0.46,-1.09,-0.24,-1.64,-1.15,-0.29,-0.08
1866,12,-0.09,-0.05,-0.11,0.09,0.29,-0.07,-0.27,-0.84,-0.14,-0.7,1.74,-0.48,-0.34,-0.98,-1.03,-0.37,-0.22
1867,1,-0.2,-0.47,-0.08,-0.24,-0.51,-0.04,-0.16,-0.39,-0.1,0.15,-0.41,-0.34,-1.25,-0.64,0.17,-1.15,-0.19
1867,2,-0.47,-1.05,-0.21,-0.64,-1.2,-0.23,-0.3,-0.7,-0.2,-1.19,-1.18,1.16,-1.9,-1.12,-0.56,-1.18,-0.11
1867,3,-0.18,-0.87,0.13,-0.3,-0.94,0.18,-0.06,-0.72,0.09,-0.1,-0.33,-1.29,-2.8,-1.04,-1.1,-1.57,0.14
1867,4,-0.44,-1.18,-0.11,-0.75,-1.37,-0.28,-0.14,-0.74,0,-1.03,-1.03,-0.35,-2.51,-1.62,-0.51,-1.62,-0.13
1867,5,-0.32,-1.08,0.02,-0.64,-1.47,-0.01,0,-0.19,0.05,-0.73,-1.41,-1.02,-2.16,-0.88,0.94,-2.41,-0.01
1867,6,-0.06,-0.36,0.07,-0.13,-0.38,0.06,0.01,-0.32,0.09,-0.47,-0.5,-0.85,0.15,-1.19,0.81,-0.73,0.15
1867,7,-0.19,-0.45,-0.08,-0.22,-0.46,-0.05,-0.16,-0.42,-0.1,-0.51,-0.3,-0.77,-0.76,-1.33,0.54,-0.61,0.23
1867,8,-0.16,-0.3,-0.09,-0.23,-0.29,-0.18,-0.09,-0.33,-0.03,-0.24,-0.55,-0.39,-0.05,-1.22,0.71,-0.66,0.16
1867,9,-0.16,-0.38,-0.06,-0.39,-0.43,-0.36,0.07,-0.27,0.16,-0.79,-0.41,-0.24,-0.29,-0.66,0.25,-0.25,0.13
1867,10,-0.19,-0.48,-0.07,-0.36,-0.62,-0.16,-0.03,-0.17,0,-0.64,-0.66,-0.2,-0.5,-1.07,0.96,-0.76,0.24
1867,11,0.01,-0.07,0.04,0.07,0.12,0.02,-0.05,-0.51,0.05,-0.62,1.26,-1.88,0.17,-0.81,-0.31,-0.44,0.02
1867,12,-0.12,-0.09,-0.13,-0.08,0.1,-0.22,-0.16,-0.51,-0.07,-0.2,1.34,-2.08,-1.4,-0.98,-0.32,-0.63,0.03
1868,1,-0.34,-0.57,-0.23,-0.34,-0.65,-0.1,-0.34,-0.4,-0.33,-0.18,-0.55,-0.72,-1.81,-0.84,0,-0.38,-0.01
1868,2,-0.1,-0.55,0.1,-0.24,-0.56,0.01,0.03,-0.54,0.16,-1.03,-0.23,-0.06,-1.36,-0.72,-0.22,-0,-0.02
1868,3,-0.05,-0.31,0.06,-0.16,-0.33,-0.03,0.05,-0.26,0.13,-0.24,-0.71,0.05,-0.15,-0.85,0.2,0.39,0.08
1868,4,-0.32,-0.66,-0.17,-0.43,-0.67,-0.24,-0.22,-0.64,-0.12,-1.53,0.04,-0.38,-1.65,-1.32,-0.04,-0.03,-0.01
1868,5,-0.21,-0.58,-0.04,-0.29,-0.44,-0.17,-0.13,-0.89,0.05,-0.89,-0.39,1.08,-0.65,-1.51,-0.4,-0.07,-0.05
1868,6,-0.14,-0.4,-0.03,-0.11,-0.39,0.11,-0.18,-0.41,-0.13,-0.59,-0.6,0.65,-0.38,-0.66,-0.03,-0.56,0.08
1868,7,-0.07,-0.32,0.05,-0.04,-0.22,0.09,-0.1,-0.55,0.01,-0.63,-0.22,0.36,-0.09,-0.96,-0.42,-0.41,0.09
1868,8,-0.04,-0.11,-0,-0.1,-0.18,-0.04,0.03,0.04,0.02,0.12,-0.31,0.7,-0.65,-0.4,0.14,-0.33,0.46
1868,9,-0.09,-0.24,-0.02,-0.15,-0.35,-0,-0.03,0.01,-0.04,-0.14,-0.3,0.39,-1.31,-0.62,0.65,-0.03,0.28
1868,10,0.01,-0.3,0.15,-0.13,-0.49,0.15,0.14,0.14,0.14,-0.13,-0.45,0.57,-0.91,-0.56,1.45,-1.32,0.26
1868,11,-0.21,-1.12,0.19,-0.42,-1.24,0.2,-0.01,-0.85,0.19,-1.73,-1.39,-1.07,-0.56,-1.36,-0.69,-1.35,0.16
1868,12,0.05,-0.29,0.21,0.06,-0.36,0.38,0.05,-0.14,0.09,-0.26,-0.21,1.16,-0.81,-0.48,0.75,-0.75,0.09
1869,1,-0.01,-0.04,0.01,0.06,0.03,0.08,-0.07,-0.2,-0.04,-0.25,-0.52,-0.57,0.97,-0.45,-0.1,0.5,0.09
1869,2,0.16,0.35,0.08,0.26,0.44,0.13,0.07,0.15,0.05,0.13,1.43,1.99,-0.68,0.06,0.18,-0.59,-0.06
1869,3,-0.06,-0.2,0,-0.17,-0.31,-0.06,0.05,0.07,0.04,0.33,-0.94,-0.17,-0.22,-0.59,0.57,1.07,0.28
1869,4,-0.15,-0.51,0.02,-0.25,-0.66,0.06,-0.04,-0.17,-0.01,-0.4,-0.71,0.43,-1.33,-0.52,-0.02,-0.37,-0
1869,5,0.04,-0.25,0.18,0.14,-0.25,0.43,-0.05,-0.25,0,-0.19,-0.5,0.44,-0.12,-0,-0.54,-0.98,0.2
1869,6,-0.13,-0.29,-0.06,-0.1,-0.24,0.01,-0.17,-0.4,-0.11,-0.07,-0.39,-0.5,-0.33,-0.94,0.17,-0.48,0.09
1869,7,-0.13,-0.27,-0.07,-0.05,-0.17,0.04,-0.2,-0.47,-0.14,-0.16,-0.19,-0.03,-0.34,-1.07,-0.02,-0.35,0.17
1869,8,-0.07,-0.23,0.01,0.03,-0.09,0.11,-0.16,-0.54,-0.07,-0.36,0.07,-0.38,-0.05,-1.25,-0.21,-0.52,0.27
1869,9,-0.18,-0.32,-0.11,-0.19,-0.24,-0.15,-0.16,-0.47,-0.09,-0.34,0.02,-0.13,-0.79,-0.99,-0.51,-0.38,0.16
1869,10,-0.19,-0.59,-0.01,-0.21,-0.64,0.11,-0.17,-0.48,-0.1,-0.27,-0.56,-0.54,-1.08,-1.02,-0.27,-1.01,0.22
1869,11,-0.04,-0.14,0.01,-0.03,0.03,-0.07,-0.05,-0.51,0.06,-0.49,0.64,-0.62,-0.4,-0.85,-0.06,0.11,-0.02
1869,12,-0.19,-0.41,-0.09,-0.27,-0.46,-0.13,-0.11,-0.28,-0.07,-0.1,-1.35,0.22,0.51,-0.73,0.4,-0.88,0.21
1870,1,-0.21,-0.78,0.05,-0.35,-1.02,0.16,-0.07,-0.25,-0.03,-0.32,-2.46,0.3,-0.45,-0.63,0.5,-1.07,-0.06
1870,2,-0.32,-1.05,0,-0.47,-1.17,0.07,-0.18,-0.76,-0.04,-0.39,-2.38,-2.56,0.2,-1.08,-0.5,-1.92,-0.06
1870,3,-0.19,-0.57,-0.02,-0.2,-0.55,0.07,-0.18,-0.62,-0.08,-0.42,-0.18,-0.95,-1.96,-1,-0.36,-0.4,-0.02
1870,4,-0.23,-0.74,-0.01,-0.25,-0.73,0.1,-0.22,-0.76,-0.09,-0.9,-0.88,-0.92,-0.52,-1.17,-0.53,-1.17,0
1870,5,-0.24,-0.41,-0.17,-0.13,-0.2,-0.08,-0.35,-0.88,-0.23,-0.5,-0.59,0.32,0.81,-1.26,-0.48,-1.15,-0.07
1870,6,-0.04,0.03,-0.07,0.1,0.16,0.06,-0.18,-0.27,-0.16,-0.3,0.15,-0.18,0.92,-0.79,0.96,-0,-0.1
1870,7,0.01,-0.1,0.06,0,-0.01,0.01,0.02,-0.31,0.1,-0.06,-0.08,0.19,0.06,-0.53,0.05,-0.48,0.07
1870,8,-0.05,-0.14,-0.02,-0.08,-0.22,0.03,-0.03,0.07,-0.05,0.67,-0.55,-0.61,-0.73,-0.05,-0.35,-0.44,0.4
1870,9,-0.09,-0.24,-0.03,-0.05,-0.12,0.01,-0.14,-0.53,-0.05,0.02,-0.1,-0.88,-0.27,-1.37,-0.08,-0.52,0.23
1870,10,-0.23,-0.65,-0.04,-0.25,-0.74,0.12,-0.21,-0.43,-0.15,-0.77,-1.16,-1.04,-0.2,-0.95,-0.1,-0.78,0.2
1870,11,-0.25,-0.68,-0.06,-0.34,-0.75,-0.04,-0.16,-0.53,-0.07,-0.37,-1.79,0.42,1.04,-0.88,-0.55,-2.05,0.03
1870,12,-0.29,-0.96,0.01,-0.56,-1.31,0,-0.02,-0.18,0.01,-0.04,-2.64,-2.27,-0.03,-0.3,0.05,-2.14,0.14
1871,1,-0.33,-0.94,-0.05,-0.58,-1.22,-0.1,-0.08,-0.3,-0.02,0.19,-2.18,-1.54,-1,-0.8,0.21,-2.3,-0.07
1871,2,-0.31,-0.95,-0.02,-0.61,-1.3,-0.09,-0.01,-0.16,0.03,-0.18,-2.57,-2.13,-0.23,-0.9,0.94,-2.18,0
1871,3,0.03,-0.19,0.13,0.09,-0.05,0.19,-0.02,-0.5,0.09,-0.4,0.15,0.2,-0.17,-0.69,-0.87,-0.21,-0.1
1871,4,-0.08,-0.26,0,-0.11,-0.27,0,-0.04,-0.24,0,0.09,-0.52,-0.52,-0.04,-0.82,0.16,-0.39,-0.16
1871,5,-0.21,-0.63,-0.03,-0.29,-0.6,-0.05,-0.14,-0.71,-0.01,-0.46,-0.84,-1.37,-0.1,-1.44,-0.04,-0.88,-0.06
1871,6,0,-0.16,0.07,-0.01,-0.15,0.1,0.01,-0.17,0.05,-0.1,-0.34,-1.16,0.47,-1.27,0.43,-0.55,0.59
1871,7,-0.02,-0.22,0.06,-0.03,-0.14,0.06,-0.02,-0.39,0.07,-0.4,-0.09,0.21,-0.21,-1.02,0.13,-0.49,0.27
1871,8,-0.12,-0.21,-0.09,-0.1,-0.14,-0.07,-0.15,-0.37,-0.1,0,-0.07,-0.04,-0.46,-1.05,-0.3,-0.31,0.23
1871,9,-0.24,-0.52,-0.11,-0.31,-0.53,-0.14,-0.17,-0.5,-0.1,-0.68,-0.41,-0.52,-0.55,-1.37,0.38,-0.8,0.14
1871,10,-0.29,-0.75,-0.08,-0.33,-0.7,-0.05,-0.25,-0.87,-0.1,-0.66,-0.77,-1.38,-0.76,-1.61,-0.7,-0.79,0.23
1871,11,-0.3,-0.95,-0.01,-0.61,-1.19,-0.17,0.01,-0.39,0.1,-0.26,-1.09,-1.05,-2.33,-0.78,-0.08,-1.49,0.13
1871,12,-0.2,-0.57,-0.04,-0.36,-0.82,-0.01,-0.04,0.02,-0.06,0.7,-0.6,-2.32,-2.66,-0.49,0.76,-1.39,0.06
1872,1,-0.29,-0.87,-0.02,-0.49,-1.12,-0.01,-0.09,-0.31,-0.03,-0.62,-2.78,0.7,-0.08,-0.85,0.86,0.09,-0.15
1872,2,-0.18,-0.76,0.08,-0.33,-0.89,0.09,-0.04,-0.49,0.07,0.25,-2.72,-0.22,-0.31,-1.04,0.12,-0.06,-0.07
1872,3,-0.13,-0.37,-0.03,-0.17,-0.46,0.05,-0.1,-0.17,-0.08,0.27,-0.26,0.55,-1.51,-0.61,0.55,-1.59,0.09
1872,4,-0.28,-0.84,-0.03,-0.37,-0.87,0.02,-0.19,-0.77,-0.05,-0.42,-1.28,0.81,-1.05,-1.05,-1.08,-1.77,-0.09
1872,5,-0.12,-0.46,0.03,-0.15,-0.33,-0.02,-0.09,-0.77,0.07,-0.5,-0.25,0.97,-0.5,-1.58,-0.87,-0.65,0.18
1872,6,-0.19,-0.43,-0.09,-0.31,-0.51,-0.16,-0.07,-0.24,-0.03,-0.37,-0.97,0,-0.08,-0.61,0.06,-1.21,0.26
1872,7,-0.06,-0.36,0.08,-0.03,-0.19,0.09,-0.09,-0.74,0.06,-0.5,-0.04,0.11,-0.42,-1,-0.76,-0.14,0.01
1872,8,0.02,-0.14,0.09,0.02,-0.14,0.13,0.02,-0.15,0.06,-0.07,0,-0.38,-0.46,-0.07,-0.58,-0.16,0.19
1872,9,-0.09,-0.32,0.02,-0.1,-0.31,0.06,-0.08,-0.35,-0.02,0,-0.36,0.21,-0.55,-0.49,-0.2,-0.52,-0.13
1872,10,-0.19,-0.59,-0.01,-0.34,-0.66,-0.09,-0.04,-0.41,0.05,-0.52,-0.59,0.57,-0.67,-0.77,-0.36,-1.37,0.13
1872,11,-0.2,-0.81,0.08,-0.36,-0.78,-0.04,-0.03,-0.89,0.17,-0.98,-0.69,1.18,-1.34,-1.1,-0.63,-1.35,-0.07
1872,12,-0.24,-0.82,0.02,-0.39,-0.99,0.06,-0.09,-0.44,-0,-0.24,-0.97,0.62,-2.01,-0.87,0.3,-2.59,0.01
1873,1,-0.21,-0.67,0,-0.4,-0.88,-0.03,-0.01,-0.2,0.03,0.31,-1.23,1.69,-2.72,-0.09,0.08,-1.22,-0.25
1873,2,-0.12,-0.48,0.04,-0.23,-0.49,-0.04,-0.01,-0.44,0.09,-0.27,-0.13,-0.27,-1.32,-0.85,0.1,-0.85,-0.11
1873,3,-0.34,-0.81,-0.13,-0.41,-0.83,-0.09,-0.28,-0.76,-0.16,-0.36,-1.25,0.75,-1.11,-1.11,-0.53,-1.5,-0.04
1873,4,-0.35,-0.87,-0.11,-0.53,-1.02,-0.16,-0.16,-0.53,-0.07,-0.02,-1.24,-0.74,-1.41,-1,-0.54,-2.17,-0.03
1873,5,-0.17,-0.44,-0.04,-0.19,-0.35,-0.07,-0.14,-0.63,-0.03,0.09,-0.55,-1.04,-0.04,-0.88,-0.64,-1.05,-0.01
1873,6,-0.07,-0.17,-0.03,-0.05,-0.12,-0,-0.09,-0.27,-0.04,-0.07,-0.2,-0.19,0.2,-0.86,0.51,-0.75,0.07
1873,7,-0.09,-0.27,-0.01,-0.05,-0.17,0.05,-0.14,-0.5,-0.06,-0.53,-0.19,0.46,-0.1,-0.79,-0.37,-0.38,0.19
1873,8,-0.03,-0.17,0.03,-0.14,-0.29,-0.02,0.07,0.09,0.07,-0.33,-0.3,0.32,-0.48,-0.52,0.9,-0.5,0.34
1873,9,-0.15,-0.38,-0.05,-0.23,-0.55,0,-0.07,0.01,-0.09,0.11,-0.75,-0.24,-1.16,-0.65,0.6,-0.86,0.14
1873,10,-0.1,-0.33,0.01,-0.08,-0.34,0.11,-0.11,-0.3,-0.07,-0.2,-0.04,0.3,-1.24,-1.28,0.56,-0.32,0.2
1873,11,-0.11,-0.56,0.09,-0.04,-0.46,0.28,-0.18,-0.79,-0.04,-0.09,0.33,-0.15,-2.4,-0.52,-1.36,-0.88,-0.17
1873,12,-0.28,-0.58,-0.14,-0.32,-0.61,-0.1,-0.23,-0.51,-0.17,-0.72,0.15,-0.11,-1.69,-0.93,-0.17,-1.88,0.06
1874,1,-0.17,-0.54,0,-0.22,-0.64,0.1,-0.11,-0.32,-0.07,-0.38,0.42,0.73,-2.41,-0.09,-0.37,-1.38,-0.33
1874,2,-0.29,-0.55,-0.18,-0.32,-0.53,-0.17,-0.26,-0.59,-0.18,-0.31,-0.21,-0.15,-1.75,-0.61,-0.92,-0.21,-0.08
1874,3,-0.34,-0.77,-0.15,-0.54,-0.87,-0.29,-0.15,-0.54,-0.06,-0.91,-0.88,-1.16,-1.82,-1.22,-0.82,1.03,0.14
1874,4,-0.31,-0.46,-0.25,-0.4,-0.56,-0.28,-0.23,-0.24,-0.22,-0.48,-0.41,0.48,-1.78,-0.99,0.4,-0.02,0.2
1874,5,-0.28,-0.44,-0.21,-0.14,-0,-0.24,-0.43,-1.41,-0.2,-0.86,0.23,-1.91,0.41,-1.88,-1.16,0.59,-0.24
1874,6,-0.21,-0.13,-0.25,-0.18,-0.06,-0.28,-0.24,-0.31,-0.22,-0.11,0.1,-0.15,-0.07,-0.68,-0.57,-0.37,0.21
1874,7,-0.14,-0.61,0.08,-0.22,-0.51,-0,-0.05,-0.83,0.13,-1.47,-0.39,0.5,-0.03,-1.41,-0.6,-0.53,0.11
1874,8,-0.21,-0.56,-0.06,-0.2,-0.45,-0.01,-0.22,-0.81,-0.09,-1.15,-0.17,-0.5,-0.27,-1.85,-0.37,-0.45,0.18
1874,9,-0.09,-0.24,-0.02,-0.04,-0.11,0.01,-0.14,-0.52,-0.05,-0.68,0.16,0.44,-0.37,-1.08,0.1,-0.03,0.06
1874,10,-0.25,-0.41,-0.18,-0.3,-0.46,-0.18,-0.2,-0.28,-0.18,-0.53,-0.88,0.56,-0.61,-1.06,0.55,-0.18,0.32
1874,11,-0.3,-0.61,-0.16,-0.35,-0.48,-0.26,-0.25,-0.91,-0.09,-0.27,-0.11,-0.89,-1.97,-1.11,-0.8,-0.66,0
1874,12,-0.16,-0.08,-0.2,-0.1,0.17,-0.31,-0.22,-0.65,-0.12,0.23,0.15,-0.25,-0.21,-1.33,-0.08,-0.51,0.18
1875,1,-0.13,-0.4,-0.02,-0.28,-0.47,-0.13,0.01,-0.24,0.07,-0.39,0.04,-0.58,-2.63,-0.64,0.65,1.21,-0.06
1875,2,-0.22,-0.61,-0.04,-0.34,-0.7,-0.07,-0.09,-0.39,-0.02,-0.07,-0.17,-1.8,-2.47,-1.07,0.44,0.31,0.05
1875,3,-0.17,-0.53,-0,-0.28,-0.59,-0.05,-0.05,-0.41,0.04,0.11,0.51,-2.59,-3.1,-0.95,-0.2,-0.83,0.18
1875,4,-0.23,-0.53,-0.09,-0.41,-0.68,-0.22,-0.04,-0.2,0,-0.54,0.14,-1.56,-1.79,-0.93,0.38,-0.58,0.09
1875,5,-0.16,-0.61,0.04,-0.21,-0.54,0.04,-0.11,-0.75,0.04,-0.99,-0.07,0.21,-1.04,-1.13,-0.78,-0.94,0.06
1875,6,-0.06,-0.18,-0,0.02,-0.04,0.06,-0.13,-0.51,-0.04,0.32,0.22,1.08,-0.77,-1.74,-0.48,-0.88,0.54
1875,7,-0.12,-0.24,-0.07,-0.14,-0.15,-0.13,-0.1,-0.45,-0.02,-0.67,0.11,-0.24,-0.28,-0.99,0.26,-0.18,0.19
1875,8,-0.21,-0.52,-0.08,-0.26,-0.47,-0.11,-0.17,-0.63,-0.06,-0.27,-0.48,0.01,-0.82,-1.25,-0.22,-0.85,-0
1875,9,-0.17,-0.71,0.07,-0.3,-0.79,0.08,-0.04,-0.53,0.07,-0.94,-1.01,-0.74,-0.66,-0.98,-0.29,-0.7,0.26
1875,10,-0.22,-0.85,0.06,-0.31,-0.93,0.15,-0.13,-0.66,-0,-0.86,-1.25,-1.08,-0.95,-1.2,-0.34,-0.57,0.14
1875,11,-0.4,-1.4,0.04,-0.59,-1.47,0.08,-0.22,-1.23,0.02,-1.47,-1.23,-1.19,-2.96,-1.7,-1.25,-0.78,0.07
1875,12,-0.44,-1.42,0,-0.67,-1.59,0.04,-0.21,-1.02,-0.02,-1.26,-1.91,-2.75,-0.87,-1.57,-0.82,-2.96,0.17
1876,1,-0.2,-0.55,-0.04,-0.23,-0.56,0.02,-0.16,-0.52,-0.08,-0.03,-0.32,-1.81,-1.56,-1.19,-0.68,-0.17,0.15
1876,2,-0.35,-1.03,-0.04,-0.51,-1.09,-0.08,-0.18,-0.9,-0.01,-0.09,-0.9,0,-2.47,-1.32,-1.4,-2.32,0.03
1876,3,-0.12,-0.38,-0,-0.24,-0.54,-0.02,-0,-0.03,0.01,-0.06,0.32,0.55,-2.86,-0.73,1.01,-0.7,0.11
1876,4,-0.21,-0.5,-0.07,-0.29,-0.61,-0.05,-0.12,-0.24,-0.09,-0.32,-0.68,0.49,-0.78,-0.53,-0.13,-1.46,0.11
1876,5,-0.42,-0.92,-0.2,-0.58,-1,-0.26,-0.26,-0.74,-0.15,-0.84,-0.87,-1.55,-0.92,-1.02,-0.19,-2.12,-0.05
1876,6,-0.16,-0.16,-0.16,-0.07,-0,-0.13,-0.25,-0.53,-0.19,0.21,0.13,0.44,-0.31,-0.77,-1.28,-0.37,0.14
1876,7,-0.13,-0.39,-0.01,-0.13,-0.34,0.04,-0.13,-0.49,-0.05,-0.75,-0.38,0.07,-0.17,-1.09,0.08,-0.51,0.17
1876,8,-0.24,-0.55,-0.1,-0.22,-0.39,-0.09,-0.25,-0.89,-0.1,-0.26,-0.37,0.03,-0.7,-1.66,-0.82,-0.84,0.04
1876,9,-0.23,-0.49,-0.11,-0.22,-0.56,0.04,-0.24,-0.34,-0.21,-0.39,-0.99,-0.16,-0.44,-0.8,-0.47,-0.75,0.38
1876,10,-0.17,-0.41,-0.06,-0.27,-0.41,-0.16,-0.07,-0.41,0.01,0.17,-0.17,-0.15,-1.16,-0.95,-0.12,-1.38,0.39
1876,11,-0.32,-0.92,-0.05,-0.34,-0.79,0,-0.31,-1.23,-0.09,-0.85,-0.06,-2.15,-2.02,-1.89,-0.94,-0.34,0.16
1876,12,-0.27,-0.98,0.05,-0.43,-1.06,0.04,-0.1,-0.81,0.06,0.02,-1.63,-0.56,-1.66,-1.57,-0.23,-1.27,0.19
1877,1,-0.08,-0.44,0.08,-0.15,-0.52,0.14,-0.02,-0.28,0.04,0.08,0.02,0.76,-2.4,-0.51,0.1,-0.86,0.07
1877,2,0.02,-0.44,0.23,-0.09,-0.49,0.21,0.14,-0.32,0.25,-0.31,-1.19,-0.1,1.29,-0.59,0.19,-1.24,0.05
1877,3,0.07,0.09,0.06,0.12,0.23,0.03,0.02,-0.24,0.08,-0.27,0.88,-1.1,-1.04,-0.61,0.15,0.82,0.34
1877,4,-0.07,-0.35,0.06,-0.12,-0.47,0.14,-0.01,-0.07,0,-0.09,-0.98,-0.92,-0.04,-0.02,0.04,-0.59,0.03
1877,5,-0.14,-0.3,-0.06,-0.04,-0.17,0.06,-0.24,-0.6,-0.15,-0.21,-0.31,-1.08,0.16,-0.91,-0.52,0.35,0.01
1877,6,0.06,-0.12,0.14,0.13,-0.06,0.26,0,-0.25,0.06,0.27,-0.16,0.36,-0.41,-0.38,-0.06,-0.2,0.06
1877,7,0.17,0.23,0.15,0.21,0.24,0.2,0.13,0.22,0.11,0.52,0.23,-0.27,0.22,0.38,0.21,-0.18,0.11
1877,8,0.17,-0.15,0.32,0.23,-0.07,0.45,0.12,-0.32,0.22,-0.06,-0.01,0.03,-0.02,-0.56,0.5,-0.49,-0.12
1877,9,0.13,-0.18,0.26,0.11,-0.15,0.31,0.14,-0.25,0.23,0.64,-0.37,-1.41,0.03,-0.2,-0.05,-0.93,-0.19
1877,10,0.24,-0.11,0.4,0.21,-0.16,0.49,0.27,0,0.34,0.15,-0.06,-1.19,-0.59,-0.06,-0.18,-0.01,0.26
1877,11,0.24,0.05,0.33,0.22,0.09,0.32,0.26,-0.05,0.33,-0.61,0.4,0.77,-0.27,-0.3,0.61,0.93,0.06
1877,12,0.09,-0.44,0.33,-0.04,-0.65,0.41,0.23,0.03,0.27,-0.35,-1.69,-0.25,0.94,-0.52,0.43,-0.24,0.4
1878,1,0.09,-0.4,0.31,-0.07,-0.62,0.35,0.26,0.11,0.29,0.52,-1.64,-0.72,-0.05,-0.33,0.43,-0.3,0.21
1878,2,0.21,-0.09,0.34,0.17,-0.14,0.4,0.25,0.03,0.3,-0.45,-0.32,0.29,1.23,0.15,-0.39,-0.33,0.14
1878,3,0.39,0.69,0.25,0.51,0.89,0.22,0.27,0.25,0.27,-0.05,1.23,-0.5,2.33,-0.03,0.43,0.9,0.24
1878,4,0.23,0,0.33,0.21,-0.05,0.41,0.24,0.11,0.27,0.02,-0.7,0.39,1.05,-0.18,0.75,-0.18,0
1878,5,0.01,-0.36,0.18,0.01,-0.4,0.31,0.02,-0.27,0.09,0.05,-0.58,0.11,-0.5,-0.62,0.01,-0.81,0.08
1878,6,0.22,0.26,0.2,0.39,0.37,0.4,0.06,0.03,0.06,0.39,0.06,0.34,0.94,0.29,-0.46,0.03,0.27
1878,7,0.2,0.31,0.15,0.24,0.28,0.22,0.16,0.38,0.11,-0.29,0.46,-0.77,0.73,-0.03,1.1,0.12,0.56
1878,8,0.04,-0.12,0.12,0.09,-0.09,0.23,-0,-0.19,0.04,-0.82,0.05,-0.01,0.61,-0.59,0.15,-0.51,0.41
1878,9,0.08,0.01,0.11,0.06,-0.09,0.18,0.09,0.25,0.06,-0.4,0.23,0.72,-0.51,-0.39,0.99,-0.28,0.31
1878,10,-0.06,-0.38,0.08,-0.17,-0.53,0.1,0.04,-0.04,0.06,-0.44,-0.12,0.88,-1.32,-0.88,0.82,-0.81,0.44
1878,11,-0.08,-0.4,0.07,-0.13,-0.4,0.07,-0.02,-0.43,0.07,-0.45,-1.22,0.44,0.92,-0.74,-0.19,-0.79,0.24
1878,12,-0.08,-0.23,-0.01,-0.04,-0.06,-0.03,-0.11,-0.63,0,-0.41,-0.42,-0.28,0.48,-1.22,0.02,1.21,0.07
1879,1,-0.09,-0.29,0,-0.04,-0.18,0.06,-0.13,-0.53,-0.04,0.31,-0.41,-0.31,-0.65,-1.43,0.08,0.12,0.06
1879,2,-0.23,-0.77,0.02,-0.33,-0.81,0.03,-0.12,-0.67,0.01,-0.14,-0.48,0.8,-1.92,-0.97,-0.37,-2.58,0.02
1879,3,0.02,-0.26,0.15,0.11,-0.03,0.22,-0.06,-0.78,0.11,-0.78,0.12,-0.74,-0.31,-1.26,-0.88,0.65,0.24
1879,4,-0.21,-0.58,-0.05,-0.24,-0.48,-0.05,-0.19,-0.8,-0.05,0.03,-0.96,-0.44,0.15,-1.23,-0.69,-1.46,0.02
1879,5,-0.15,-0.42,-0.02,-0.06,-0.26,0.08,-0.23,-0.78,-0.1,-0.67,-0.15,-0.99,0.51,-1.04,-0.71,-0.54,-0.15
1879,6,-0.11,-0.31,-0.02,-0.1,-0.24,0,-0.11,-0.47,-0.03,-0.44,0.07,0.01,-0.53,-0.98,-0.82,-0.62,0.37
1879,7,-0.08,-0.11,-0.06,-0.11,-0.09,-0.12,-0.05,-0.15,-0.02,-1.19,0.56,-0.88,0.1,-0.38,-0.44,0.04,0.37
1879,8,-0.16,-0.48,-0.02,-0.32,-0.61,-0.1,0,-0.18,0.04,-1.08,-0.32,0.08,-0.54,-0.75,-0.05,-0.42,0.39
1879,9,-0.19,-0.53,-0.04,-0.29,-0.5,-0.13,-0.1,-0.59,0.02,-0.39,-0.36,0.27,-0.97,-1.12,-0.51,-0.68,0
1879,10,-0.26,-0.64,-0.08,-0.3,-0.58,-0.08,-0.21,-0.78,-0.08,-1.09,-0.05,-0.45,-0.71,-1.06,-0.9,-0.92,0.06
1879,11,-0.29,-0.93,0,-0.46,-0.9,-0.12,-0.12,-1.01,0.09,-0.69,-0.83,-1.8,-0.97,-1.79,-0.78,-1.12,0.08
1879,12,-0.34,-1,-0.04,-0.59,-1.26,-0.08,-0.09,-0.4,-0.01,-0.16,-0.4,-3.22,-3.84,-1.16,0.29,-1.74,0.13
1880,1,-0.4,-0.92,-0.16,-0.66,-1.15,-0.28,-0.14,-0.4,-0.08,-0.36,-1.72,-1.79,-1.01,-1.11,-0.66,-1.44,0.26
1880,2,-0.47,-1.32,-0.08,-0.78,-1.61,-0.16,-0.15,-0.66,-0.03,-0.45,-2.14,-0.69,-1.55,-1.36,-0.02,-2.33,-0.07
1880,3,-0.15,-0.66,0.08,-0.28,-0.76,0.09,-0.02,-0.41,0.07,-1.11,0.15,-0.91,-2,-1.03,0.6,-0.98,0.06
1880,4,-0.13,-0.52,0.05,-0.19,-0.6,0.12,-0.06,-0.34,0,-0.01,-1.06,0.12,-1.05,-1.08,-0.25,0.18,0.13
1880,5,-0.17,-0.36,-0.08,-0.12,-0.29,0,-0.21,-0.52,-0.14,-0.52,0.09,-0.94,-0.18,-0.87,-0.42,-0.27,-0.01
1880,6,-0.11,-0.12,-0.11,-0.07,-0.05,-0.08,-0.16,-0.28,-0.13,-0.19,0.07,-0.28,0.14,-0.22,-0.97,0.17,0.09
1880,7,-0.22,-0.41,-0.13,-0.21,-0.35,-0.1,-0.23,-0.54,-0.15,0.21,-0.6,0.34,-0.3,-0.61,-1.04,-0.58,-0.17
1880,8,-0.02,-0.01,-0.02,-0.15,-0.25,-0.07,0.12,0.53,0.02,-0.47,0.23,-0.13,-0.92,0.08,0.87,0.07,0.6
1880,9,-0.21,-0.42,-0.12,-0.31,-0.42,-0.22,-0.12,-0.42,-0.05,-0.47,-0.54,0.2,-0.59,-0.96,-0.1,-0,0.13
1880,10,-0.19,-0.55,-0.02,-0.3,-0.54,-0.11,-0.08,-0.56,0.04,-0.16,-1.03,-0.8,0.06,-1.18,-0.63,-0.73,0.07
1880,11,-0.13,-0.48,0.03,-0.19,-0.46,0,-0.07,-0.54,0.04,-0.01,0.58,-0.29,-2.12,-0.86,0.17,-0.7,-0.16
1880,12,-0.11,-0.38,0.02,-0.17,-0.4,0,-0.04,-0.34,0.03,-0.15,0.76,-0.07,-2.68,-0.7,0.14,0.22,-0.04
1881,1,-0.08,-0.35,0.04,-0.14,-0.39,0.04,-0.02,-0.26,0.04,1.88,0.45,-1.83,-2.98,-0.81,0.01,-2.04,-0.06
1881,2,-0.09,-0.5,0.09,-0.11,-0.48,0.17,-0.08,-0.56,0.04,0.19,-0.36,-0.92,-0.63,-0.91,-0.8,-1.27,0.09
1881,3,-0.08,-0.41,0.07,-0.16,-0.45,0.06,-0,-0.32,0.08,-0.07,-0.56,-0.83,0.06,-0.54,-0.36,-0.74,-0.02
1881,4,0.03,-0.16,0.12,0.05,-0.09,0.16,0.02,-0.34,0.1,-0.18,0.25,-1.22,0.01,-0.87,0.49,-0.36,0.05
1881,5,0.06,-0.04,0.1,-0.05,-0.13,0.02,0.16,0.16,0.16,0.07,-0.11,-0.65,0.58,-0.31,0.7,-0.95,0.15
1881,6,-0.13,-0.66,0.11,-0.21,-0.71,0.16,-0.05,-0.55,0.07,-0.2,-1.14,-0.75,-0.4,-0.41,-1.07,-1.46,0.03
1881,7,-0.06,-0.19,-0,-0.04,-0.07,-0.02,-0.08,-0.47,0.01,0.41,-0.08,-0.08,-0.37,-0.35,-0.6,-0.55,-0.21
1881,8,-0.1,-0.35,0.01,-0.18,-0.38,-0.03,-0.02,-0.28,0.04,0.12,-0.31,-0.1,-0.55,-0.84,0.25,-1.01,-0.04
1881,9,-0.21,-0.56,-0.05,-0.33,-0.69,-0.06,-0.09,-0.26,-0.05,-0.16,-0.86,-0.73,-0.66,-0.18,-0.38,-1.3,-0.13
1881,10,-0.22,-0.69,-0.01,-0.5,-0.94,-0.16,0.05,-0.12,0.1,0.05,-0.69,-1.6,-1.99,-0.4,-0.22,-1.12,-0
1881,11,-0.27,-0.77,-0.04,-0.55,-1,-0.21,0.01,-0.26,0.08,-0.2,-0.8,-0.48,-1.99,-0.83,-0.35,-1.06,0.14
1881,12,0.01,-0.07,0.04,-0.04,-0.16,0.05,0.06,0.13,0.04,0.41,-1.04,-0.47,0.79,-0.35,0.21,0.61,0.07
1882,1,0.07,-0.01,0.11,0.11,0.05,0.16,0.03,-0.16,0.08,-0.05,0.72,1.01,-0.72,-0.63,0.17,-0.95,0.07
1882,2,-0.13,-0.56,0.06,-0.29,-0.68,0.01,0.03,-0.28,0.1,-0.73,-0.02,0.24,-0.79,-0.74,-0.04,-1.08,0
1882,3,-0.06,-0.35,0.06,-0.21,-0.49,0,0.08,-0.03,0.1,-0.62,0.05,1.46,-1.94,-0.88,1,-0.6,0.15
1882,4,-0.22,-0.73,0.01,-0.45,-0.96,-0.07,0.01,-0.2,0.06,-0.23,-0.65,-0.14,-1.46,-0.82,-0.22,-1.84,0.15
1882,5,-0.12,-0.33,-0.03,-0.18,-0.32,-0.07,-0.06,-0.34,-0,-0.13,0.08,-0.19,-1.32,-0.72,-0.51,-0.23,0.12
1882,6,-0.22,-0.66,-0.02,-0.31,-0.61,-0.09,-0.13,-0.79,0.03,-0.64,-0.67,-0.65,-0.42,-0.73,-1.33,-0.9,-0.1
1882,7,-0.2,-0.6,-0.01,-0.3,-0.63,-0.06,-0.09,-0.55,0.02,-0.59,-0.56,0.35,-0.78,-1.09,-0.67,-0.85,0.02
1882,8,-0.11,-0.3,-0.03,-0.24,-0.42,-0.1,0.01,-0.04,0.02,-0.19,-0.25,-0.24,-0.52,-0.24,0.03,-0.79,-0.07
1882,9,-0.16,-0.42,-0.05,-0.28,-0.49,-0.12,-0.04,-0.25,0.01,-0.3,-0.37,0.06,-0.73,-0.86,0.21,-0.75,-0.06
1882,10,-0.36,-0.9,-0.12,-0.68,-1.34,-0.19,-0.04,0.1,-0.07,-0.38,-2.08,-0.56,-1.01,-0.43,0.14,-1.86,0.44
1882,11,-0.28,-0.92,0,-0.46,-1.1,0.02,-0.1,-0.5,-0.01,-0.92,-1.31,-0.56,-1.3,-1.12,-0.4,-1.43,0.29
1882,12,-0.34,-1.04,-0.02,-0.5,-1.25,0.07,-0.18,-0.57,-0.09,-0.06,-2.17,-0.81,-1.13,-1.25,-0.69,-1.74,0.18
1883,1,-0.26,-0.65,-0.09,-0.42,-0.73,-0.19,-0.1,-0.47,-0.01,0.13,-1.08,-0.98,-1.9,-1.19,-0.05,0.2,0.05
1883,2,-0.33,-0.94,-0.05,-0.43,-0.97,-0.02,-0.23,-0.88,-0.08,-0.77,-1.51,-0.15,-2.25,-1.45,-0.41,0.85,-0.16
1883,3,-0.04,-0.2,0.03,-0.01,-0.04,0.02,-0.07,-0.55,0.04,-0.43,0.25,-2.09,-0.75,-0.98,-0.52,1.36,0.25
1883,4,-0.22,-0.59,-0.05,-0.3,-0.65,-0.03,-0.14,-0.46,-0.06,0.15,-0.72,-0.96,-1.11,-0.91,-0.8,-0.55,-0.11
1883,5,-0.05,-0.3,0.07,-0.12,-0.36,0.06,0.03,-0.16,0.07,0.33,0.06,-0.16,-1.31,-0.69,-0.7,-0.57,-0.02
1883,6,0.15,0.23,0.11,0.14,0.06,0.19,0.16,0.59,0.05,0.67,-0.16,0.41,0.23,0.11,0.49,-0.44,0.46
1883,7,-0.09,-0.23,-0.03,-0.16,-0.36,-0.01,-0.03,0.08,-0.05,-0.13,-0.2,0.01,-0.72,-0.56,-0.38,-0.43,0.5
1883,8,-0.2,-0.63,-0,-0.25,-0.68,0.07,-0.14,-0.5,-0.05,-0.86,-0.37,-0.52,-0.91,-0.6,-0.57,-1.15,-0.04
1883,9,-0.22,-0.63,-0.04,-0.35,-0.69,-0.1,-0.09,-0.49,-0,-0.83,-0.89,-0.04,-0.56,-0.47,-0.92,-0.31,-0.07
1883,10,-0.36,-0.78,-0.17,-0.56,-0.96,-0.26,-0.17,-0.39,-0.11,-1.18,-0.46,-0.22,-1.42,-0.74,-0.53,-1.21,0.06
1883,11,-0.24,-0.79,0,-0.44,-0.93,-0.07,-0.05,-0.49,0.05,-0.75,-1.62,0.39,-1.5,-1.14,-0.83,0.38,0.19
1883,12,-0.27,-0.63,-0.11,-0.28,-0.63,-0.02,-0.26,-0.62,-0.18,-1.07,0.31,-0.44,-1.86,-1.3,-0.29,-0.42,-0.02
1884,1,-0.29,-0.69,-0.12,-0.43,-0.74,-0.19,-0.16,-0.58,-0.06,-0.58,0.48,0.45,-2.57,-0.91,-0.47,-1.34,-0.11
1884,2,-0.18,-0.57,-0.01,-0.28,-0.6,-0.04,-0.09,-0.52,0.01,-0.1,-0.68,1.14,-2.19,-0.93,-0.21,-0.08,0.04
1884,3,-0.43,-1.09,-0.13,-0.63,-1.3,-0.12,-0.24,-0.62,-0.15,-0.52,-2.37,0.16,-1.55,-1.06,-0.39,-0.77,-0.02
1884,4,-0.35,-0.97,-0.07,-0.56,-1.31,-0,-0.14,-0.19,-0.13,-0.21,-2.04,-0.92,-0.71,-0.79,0.09,-1.78,0.07
1884,5,-0.26,-0.78,-0.02,-0.37,-0.93,0.05,-0.14,-0.44,-0.07,-0.23,-1.06,-0.59,-0.7,-1.12,-0.75,-1.84,0.2
1884,6,-0.2,-0.45,-0.09,-0.34,-0.58,-0.16,-0.06,-0.15,-0.04,-0.47,-0.81,-0.99,0.11,-1.2,0.07,-0.53,0.36
1884,7,-0.29,-0.56,-0.17,-0.38,-0.57,-0.24,-0.19,-0.53,-0.12,-0.67,-0.47,-0.19,-0.63,-0.68,-1.1,-0.19,-0
1884,8,-0.26,-0.55,-0.14,-0.51,-1.02,-0.12,-0.02,0.52,-0.15,-1.31,-1.24,-0.79,-0.68,1.14,0.33,-0.69,0.43
1884,9,-0.33,-0.79,-0.12,-0.58,-1.04,-0.24,-0.07,-0.24,-0.04,-0.89,-1.25,-0.4,-0.99,-0.3,0.12,-1.11,-0.02
1884,10,-0.35,-0.89,-0.11,-0.49,-0.96,-0.13,-0.21,-0.72,-0.09,-0.82,-0.79,-0.44,-1.74,-1.53,-0.27,-0.9,-0.02
1884,11,-0.36,-0.83,-0.14,-0.54,-0.91,-0.27,-0.17,-0.66,-0.05,-0.84,-1.3,-1.52,-0.75,-1.22,-0.67,0.01,0.18
1884,12,-0.05,0.06,-0.1,0.12,0.44,-0.13,-0.22,-0.82,-0.08,0.31,0.22,0.19,-0.25,-1.05,-0.75,1.92,-0.05
1885,1,-0.35,-0.85,-0.12,-0.56,-1.09,-0.16,-0.13,-0.32,-0.09,0.53,-2.08,-1.44,-1.36,-0.88,-0.14,-0.88,0.18
1885,2,-0.22,-0.59,-0.06,-0.31,-0.66,-0.05,-0.13,-0.42,-0.07,0.13,-1.59,1.14,-0.86,-0.64,-0.85,0.83,0.03
1885,3,-0.34,-0.75,-0.16,-0.32,-0.56,-0.14,-0.37,-1.19,-0.18,-0.81,-0.24,-0.15,-1.64,-1.22,-1.46,-0.12,-0.22
1885,4,-0.39,-0.88,-0.18,-0.54,-1.01,-0.18,-0.25,-0.56,-0.18,-0.58,-1.66,0.07,-0.39,-0.8,-1.06,-1.38,-0.02
1885,5,-0.22,-0.43,-0.13,-0.33,-0.69,-0.06,-0.11,0.17,-0.17,0.64,-1.03,-0.73,-0.57,-0.74,0.11,-1.41,0.29
1885,6,-0.27,-0.6,-0.11,-0.26,-0.45,-0.11,-0.28,-0.95,-0.12,-0.38,-0.31,-0.02,-0.24,-1.31,-1.03,-0.74,-0.47
1885,7,-0.18,-0.29,-0.13,-0.16,-0.21,-0.13,-0.19,-0.48,-0.13,0.38,-0.41,0.29,-0.09,-1.24,-0.72,-0.27,-0.02
1885,8,-0.16,-0.21,-0.14,-0.19,-0.37,-0.06,-0.13,0.17,-0.2,0.99,-0.61,-0.96,-0.67,-0.38,0.1,-0.81,0.22
1885,9,-0.23,-0.47,-0.12,-0.32,-0.65,-0.06,-0.14,-0.07,-0.16,-0.09,-0.72,-0.59,-0.71,-0.08,0.02,-1.2,-0.13
1885,10,-0.21,-0.57,-0.05,-0.3,-0.84,0.11,-0.12,0.04,-0.16,-0.3,-0.98,-0.53,-0.74,-0.53,0.57,-1.46,0.14
1885,11,-0.18,-0.7,0.05,-0.38,-0.91,0.03,0.02,-0.22,0.07,-0.57,-1.47,-0.76,0.52,-0.37,-0.17,-1.92,0.01
1885,12,-0.06,-0.1,-0.04,-0.07,-0.14,-0.02,-0.05,-0.02,-0.06,-0.28,0.03,-0.75,0.65,-0.33,0.46,-1.05,0.14
1886,1,-0.29,-0.75,-0.08,-0.45,-1.03,0,-0.13,-0.09,-0.14,0.33,-0.24,-0.11,-3.2,-0.37,0.46,-2.1,-0.18
1886,2,-0.37,-0.82,-0.17,-0.51,-1,-0.14,-0.23,-0.41,-0.19,0.47,-2.13,-1.21,-1.13,-1.11,-0.24,-0.32,0
1886,3,-0.43,-1.11,-0.12,-0.67,-1.41,-0.12,-0.19,-0.44,-0.13,-0.74,-1.42,-1.3,-1.57,-0.57,-0.19,-2.44,0.04
1886,4,-0.24,-0.5,-0.12,-0.36,-0.7,-0.09,-0.12,-0.05,-0.13,-0.02,-0.67,0,-0.58,-0.39,-0.19,-1.3,-0.13
1886,5,-0.23,-0.57,-0.07,-0.35,-0.66,-0.11,-0.11,-0.36,-0.05,-0.59,-0.65,-0.08,-0.26,-1.04,-0.05,-1.45,0.11
1886,6,-0.25,-0.51,-0.14,-0.32,-0.56,-0.14,-0.19,-0.39,-0.14,-0.09,-0.94,-0.35,0.08,-0.87,-0.57,-1.27,0.04
1886,7,-0.17,-0.15,-0.18,-0.14,-0.03,-0.23,-0.2,-0.42,-0.15,0.23,-0.11,-0.57,0.09,-0.98,-0.07,-0.25,0.03
1886,8,-0.14,-0.19,-0.13,-0.22,-0.37,-0.11,-0.07,0.22,-0.14,-0.11,-0.58,-0.34,-0.09,-0.32,-0.15,-0.6,0.57
1886,9,-0.27,-0.38,-0.22,-0.44,-0.54,-0.37,-0.1,-0.02,-0.11,-0.25,-0.35,0.16,-1.17,-0.73,0.33,-0.69,0.18
1886,10,-0.33,-0.68,-0.17,-0.43,-0.8,-0.16,-0.22,-0.42,-0.18,0.05,-1.18,-0.05,-0.44,-0.96,-0.86,-1.53,0.15
1886,11,-0.3,-0.69,-0.13,-0.48,-0.88,-0.17,-0.13,-0.26,-0.1,-0.53,-0.87,0.31,-1.64,-0.7,-0.22,-0.94,0.13
1886,12,-0.22,-0.13,-0.26,-0.14,0.09,-0.31,-0.31,-0.63,-0.23,-1.02,1.25,0.51,-0.82,-0.64,-0.6,0.54,-0.18
1887,1,-0.64,-1.27,-0.35,-0.95,-1.68,-0.39,-0.33,-0.32,-0.33,-0.62,-2.25,-0.1,-2.36,-0.84,0.57,-1.56,-0.18
1887,2,-0.46,-0.79,-0.32,-0.53,-0.82,-0.31,-0.4,-0.73,-0.32,-0.95,-0.19,-0.49,-2.25,-1.24,-0.96,0.05,-0.04
1887,3,-0.4,-0.69,-0.27,-0.47,-0.77,-0.25,-0.33,-0.5,-0.29,-0.49,-0.34,-0.72,-1.74,-0.97,-0.22,-1.35,-0.07
1887,4,-0.35,-0.63,-0.23,-0.38,-0.61,-0.2,-0.33,-0.66,-0.26,-0.44,-0.05,-0.65,-1.31,-0.98,-0.7,-1.52,-0.03
1887,5,-0.36,-0.55,-0.27,-0.4,-0.4,-0.41,-0.31,-0.89,-0.18,-0.36,-0.46,-0.28,0.04,-1.07,-0.87,-0.86,-0.31
1887,6,-0.28,-0.46,-0.2,-0.28,-0.4,-0.2,-0.27,-0.61,-0.2,-0.62,-0.43,-0.59,0.04,-0.22,-1.14,-0.14,-0.32
1887,7,-0.22,-0.35,-0.15,-0.24,-0.34,-0.16,-0.19,-0.38,-0.15,-0.48,0.03,0.08,-0.79,-1.21,-0.7,-0.51,0.36
1887,8,-0.25,-0.35,-0.21,-0.36,-0.58,-0.19,-0.15,0.17,-0.22,0.6,-0.91,-0.45,-0.9,0.04,-0.44,-0.86,0.1
1887,9,-0.2,-0.2,-0.2,-0.23,-0.17,-0.28,-0.17,-0.26,-0.15,-0.11,0.01,0.25,-0.42,-0.63,-0.52,-0.24,0.09
1887,10,-0.37,-0.79,-0.18,-0.5,-0.94,-0.18,-0.23,-0.46,-0.18,-0.3,-0.47,-1.27,-1.79,-0.77,-0.47,-2.04,0
1887,11,-0.31,-0.62,-0.17,-0.38,-0.64,-0.19,-0.23,-0.58,-0.15,-0.54,-0.28,-0.27,-0.98,-1.06,-0.76,-1.49,0.08
1887,12,-0.37,-0.91,-0.12,-0.47,-1.11,0.02,-0.27,-0.47,-0.22,-0.54,-0.36,-0.79,-2.21,-0.79,-0.51,-3.16,0.05
1888,1,-0.2,-0.25,-0.18,-0.18,-0.28,-0.11,-0.22,-0.19,-0.22,0.14,0.16,-1.56,-1.98,-0.66,0.42,0.46,0.01
1888,2,-0.33,-0.72,-0.15,-0.52,-0.89,-0.24,-0.14,-0.34,-0.09,0.17,-1.86,-2.04,0.01,-0.91,-0.21,-1.02,0.11
1888,3,-0.24,-0.62,-0.07,-0.32,-0.76,0.01,-0.16,-0.31,-0.12,0.34,-0.51,-1.73,-2.01,-0.35,-0.84,-1.6,0.19
1888,4,-0.31,-0.66,-0.15,-0.38,-0.87,-0,-0.24,-0.18,-0.26,-0.51,-0.5,-0.96,-1.35,-0.81,0.58,-2.24,0.3
1888,5,-0.17,-0.51,-0.02,-0.22,-0.69,0.14,-0.12,-0.09,-0.13,-0.03,-0.56,-0.54,-1.15,-0.68,-0.44,-1.09,0.26
1888,6,-0.12,-0.26,-0.06,-0.11,-0.33,0.06,-0.14,-0.09,-0.15,-0.18,-0.24,-0.34,-0.3,-1.05,-0.01,-0.51,0.39
1888,7,-0.03,0.07,-0.07,0.02,-0.02,0.04,-0.07,0.28,-0.15,0.67,0.13,-1.05,-0.42,-0.23,-0.68,-0.14,0.56
1888,8,-0.07,-0.13,-0.04,-0.12,-0.3,0.01,-0.02,0.26,-0.09,0.03,-0.12,-0.91,-0.42,0.25,-0.36,-0.14,0.1
1888,9,-0.17,-0.47,-0.04,-0.28,-0.58,-0.05,-0.07,-0.21,-0.04,-0.71,-0.64,-0.37,-0.21,0.59,-0.28,-0.83,-0.4
1888,10,0.08,0.1,0.07,0.06,0.03,0.08,0.11,0.27,0.07,0.3,-0.07,-0.79,0.04,0.42,0.07,0.12,0.06
1888,11,0.08,0.01,0.11,-0.02,-0.2,0.12,0.18,0.51,0.11,-0.29,-0.11,-1.49,-0.4,0.4,0.86,-0.02,0.28
1888,12,-0.03,-0.3,0.1,-0.17,-0.5,0.09,0.11,0.17,0.1,-0.46,-1.23,-0.65,1.35,-0.17,0.83,-1.14,0.07
1889,1,0.02,-0.24,0.14,-0.04,-0.36,0.21,0.08,0.05,0.09,0.39,-2.14,-1.22,1.51,-0.05,0.02,1.03,0.05
1889,2,0.17,0.41,0.07,0.25,0.46,0.08,0.1,0.28,0.06,0.42,1.11,-0.93,-0.24,-0.11,0.53,1.43,0.16
1889,3,0.07,-0,0.1,-0.03,-0.21,0.11,0.17,0.47,0.1,0.07,-0.48,-1.79,1.26,0.11,0.59,-0.91,0.24
1889,4,0.04,0.08,0.02,0.04,0.03,0.05,0.04,0.19,0,0.31,-0.07,-0.54,0.81,-0.17,0.07,-0.2,0.06
1889,5,0.05,0.15,0,-0.03,0.01,-0.05,0.12,0.48,0.04,1.29,-0.47,1.1,-0.42,0.38,-0.21,0.05,-0.01
1889,6,-0.04,-0.03,-0.04,-0.06,-0.08,-0.04,-0.02,0.07,-0.04,0.4,0.02,0.84,-0.37,-0.43,0.11,-0.68,0.16
1889,7,-0.08,-0.15,-0.05,-0.03,-0.03,-0.03,-0.13,-0.43,-0.06,0.46,-0.11,-0.16,-0.33,-0.44,-0.45,-0.32,-0.16
1889,8,-0.07,-0.1,-0.06,-0.03,-0.04,-0.02,-0.12,-0.24,-0.09,0.54,-0.1,-0.48,0.11,-0.49,-0.39,-0.46,-0.2
1889,9,-0.14,-0.14,-0.14,-0.19,-0.26,-0.13,-0.09,0.12,-0.14,0.15,-0.28,-1.16,-0.66,-0.59,-0.1,0.23,0.43
1889,10,-0.21,-0.36,-0.14,-0.37,-0.65,-0.16,-0.04,0.29,-0.12,0.24,-1.56,0.44,-0.51,-0.27,0.62,-0.57,0.42
1889,11,-0.3,-0.78,-0.08,-0.56,-1.11,-0.15,-0.03,-0.03,-0.03,-0.54,-1.67,0.08,-0.75,-0.72,0.37,-1.21,0.25
1889,12,-0.24,-0.55,-0.1,-0.47,-0.86,-0.17,-0.01,0.15,-0.05,-0.18,-1.34,-1.53,0.35,-0.33,0.37,-1.93,0.25
1890,1,-0.37,-0.63,-0.25,-0.48,-0.71,-0.3,-0.26,-0.45,-0.22,-1.18,-1.02,0.84,-0.8,-1.09,-0.26,0.12,-0.13
1890,2,-0.3,-0.58,-0.17,-0.27,-0.61,-0.02,-0.33,-0.53,-0.28,-0.41,-0.78,-0.99,-0.87,-1.1,-0.37,-0.61,0.03
1890,3,-0.29,-0.61,-0.15,-0.34,-0.7,-0.06,-0.25,-0.42,-0.21,-0.92,-1.15,0.37,-0.91,-1.04,0.08,-0.02,0.09
1890,4,-0.37,-0.71,-0.21,-0.42,-0.72,-0.18,-0.32,-0.66,-0.24,-1.45,-0.24,0.23,-1.39,-0.85,-0.46,-1.11,0.03
1890,5,-0.27,-0.46,-0.19,-0.4,-0.68,-0.19,-0.14,0.03,-0.18,-0.02,-0.96,0.5,-0.91,-0.59,-0.41,-1.23,0.49
1890,6,-0.32,-0.5,-0.24,-0.36,-0.43,-0.31,-0.28,-0.65,-0.19,-0.81,-0.18,-0.56,-0.39,-1.27,-0.1,-0.39,-0.15
1890,7,-0.26,-0.27,-0.26,-0.26,-0.19,-0.31,-0.27,-0.45,-0.23,-0.16,-0.16,-0.51,0.05,-0.84,-0.99,-0.27,0.12
1890,8,-0.33,-0.34,-0.33,-0.41,-0.43,-0.4,-0.25,-0.13,-0.28,-0.02,-0.43,0.52,-0.82,-1.3,-0.59,-0.38,0.6
1890,9,-0.36,-0.48,-0.3,-0.39,-0.59,-0.23,-0.33,-0.23,-0.35,-0.9,-0.28,-0.37,-0.8,-0.9,-0.43,-0.05,0.17
1890,10,-0.23,-0.17,-0.26,-0.19,-0.1,-0.26,-0.27,-0.32,-0.26,-0.41,0.17,-0.98,-0.17,-0.91,-0.12,0.46,0.23
1890,11,-0.44,-0.85,-0.25,-0.62,-1.13,-0.23,-0.25,-0.22,-0.26,-0.25,-2.09,-0.53,-0.11,-0.88,-0.48,-2.26,0.3
1890,12,-0.25,-0.7,-0.04,-0.48,-0.94,-0.13,-0.02,-0.15,0.01,-0.26,-1.44,-2.73,0.02,-0.44,-0.59,-1.8,0.3
1891,1,-0.31,-0.53,-0.22,-0.37,-0.53,-0.26,-0.26,-0.54,-0.19,-0.22,-1.43,-2.19,0.75,-0.76,-1.03,-0.4,-0.03
1891,2,-0.47,-1.29,-0.1,-0.71,-1.48,-0.13,-0.23,-0.85,-0.08,-1.48,-1.04,-0.89,-2.27,-0.88,-1.03,-1.21,-0.26
1891,3,-0.2,-0.4,-0.11,-0.21,-0.47,-0.02,-0.19,-0.25,-0.18,-0.71,0,-0.42,-1.22,-0.59,-0.35,0.14,0.07
1891,4,-0.26,-0.55,-0.13,-0.31,-0.61,-0.07,-0.21,-0.4,-0.16,-0.08,-1.32,-1.13,0.46,-0.34,-0.87,-0.81,-0.2
1891,5,-0.13,-0.32,-0.04,-0.27,-0.56,-0.05,0.02,0.21,-0.03,0.18,-0.49,-0.13,-1.07,-0.31,-0.06,-0.97,0.3
1891,6,-0.11,-0.19,-0.08,-0.1,-0.28,0.03,-0.13,0.01,-0.16,0.09,-0.37,-0.41,-0.1,-0.31,-1.1,-0.22,0.34
1891,7,-0.21,-0.23,-0.2,-0.16,-0.13,-0.19,-0.25,-0.45,-0.21,0.83,-0.45,0.1,-0.41,-0.07,-1.52,-0.44,-0.28
1891,8,-0.2,-0.39,-0.11,-0.1,-0.3,0.05,-0.29,-0.6,-0.22,-0.18,-0.38,-0.69,-0.16,0.07,-1.25,-0.27,-0.43
1891,9,-0.21,-0.48,-0.09,-0.16,-0.38,0.01,-0.26,-0.68,-0.16,-0.06,-0.58,-0.22,0.11,-0.63,-1,-0.93,-0.36
1891,10,-0.2,-0.48,-0.08,-0.18,-0.52,0.08,-0.22,-0.37,-0.19,0.21,-0.85,0.48,-1.1,-0.46,-0.35,-0.97,-0.15
1891,11,-0.37,-0.92,-0.11,-0.61,-1.26,-0.12,-0.12,-0.17,-0.11,-0.2,-1.55,-0.95,-1.35,-0.31,-0.35,-1.83,-0.1
1891,12,-0.17,-0.37,-0.08,-0.22,-0.44,-0.06,-0.13,-0.23,-0.1,-0.59,-0.39,0.36,0.63,-0.44,-0.21,-2.17,-0.01
1892,1,-0.21,-0.49,-0.08,-0.32,-0.62,-0.09,-0.1,-0.18,-0.08,-0.36,-0.92,-0.96,-0.28,-0.36,-0.25,-0.58,-0.28
1892,2,-0.1,-0.26,-0.02,-0.22,-0.32,-0.15,0.03,-0.11,0.06,-0.19,-0.8,0.1,-0.28,-0.32,0.25,-0.45,0.01
1892,3,-0.22,-0.47,-0.11,-0.36,-0.62,-0.15,-0.09,-0.13,-0.08,0.06,-1.95,-0.75,-0.09,-0.53,0.18,0.5,0.06
1892,4,-0.33,-0.61,-0.2,-0.5,-0.75,-0.31,-0.16,-0.31,-0.12,-0.36,-0.99,-0.41,-0.36,-0.69,-0.85,-1.12,0.08
1892,5,-0.38,-0.81,-0.18,-0.55,-0.85,-0.33,-0.2,-0.72,-0.07,-0.73,-0.08,-0.39,-1.85,-1.03,-0.86,-1.47,-0.08
1892,6,-0.27,-0.29,-0.26,-0.32,-0.27,-0.36,-0.22,-0.34,-0.2,-0.23,0.21,0.05,-0.6,-1.47,-0.71,-0.64,0.5
1892,7,-0.41,-0.46,-0.39,-0.44,-0.41,-0.46,-0.38,-0.55,-0.34,-0.44,-0.24,-0.71,-0.36,-0.87,-0.54,-0.6,-0.13
1892,8,-0.34,-0.46,-0.28,-0.39,-0.47,-0.32,-0.28,-0.44,-0.25,-0.29,-0.45,0.02,-0.87,-1.53,0.13,-0.67,0.24
1892,9,-0.32,-0.41,-0.29,-0.35,-0.32,-0.37,-0.3,-0.6,-0.23,-0.31,-0.27,0.62,-0.72,-1.51,-0.35,-0.39,0.01
1892,10,-0.43,-0.57,-0.37,-0.6,-0.64,-0.56,-0.26,-0.4,-0.23,-0.94,-0.43,-0.34,-0.22,-0.73,-0.2,-0.82,0.01
1892,11,-0.51,-0.95,-0.31,-0.85,-1.28,-0.52,-0.18,-0.2,-0.17,-0.36,-1.63,-0.48,-2.04,-1.17,0.09,-1.38,0.34
1892,12,-0.36,-0.55,-0.27,-0.47,-0.56,-0.4,-0.26,-0.54,-0.19,-0.29,-0.99,-1.8,-0.36,-1.28,-0.25,0.44,-0.03
1893,1,-0.6,-1.3,-0.28,-0.89,-1.64,-0.31,-0.31,-0.53,-0.26,-0.08,-3.17,-4.03,-1.05,-1.19,-0.07,-0.84,-0.05
1893,2,-0.38,-1.09,-0.06,-0.74,-1.45,-0.21,-0.01,-0.29,0.05,-0.67,-2.11,-1.23,-1.26,-1.16,-0.05,-0.59,0.04
1893,3,-0.37,-0.73,-0.21,-0.57,-0.88,-0.35,-0.17,-0.4,-0.11,-1.55,0.28,-0.45,-1.63,-0.52,-0.25,-1.17,0.05
1893,4,-0.37,-0.61,-0.26,-0.4,-0.56,-0.29,-0.33,-0.72,-0.23,-0.82,0.56,-0.91,-1.91,-1.59,-0.21,-0.63,-0.01
1893,5,-0.34,-0.61,-0.23,-0.43,-0.62,-0.28,-0.26,-0.56,-0.19,-0.7,-0.52,-0.58,-0.57,-1.27,-0.18,-0.53,0.08
1893,6,-0.15,-0.22,-0.12,-0.17,-0.19,-0.15,-0.14,-0.29,-0.1,-0.47,0.13,0.02,-0.12,-1.14,-0.74,-0.36,0.45
1893,7,-0.16,-0.24,-0.12,-0.17,-0.17,-0.18,-0.14,-0.41,-0.08,-0.56,0.17,-0.17,-0.2,-0.42,-0.08,-0.2,-0.27
1893,8,-0.24,-0.36,-0.18,-0.28,-0.34,-0.24,-0.19,-0.41,-0.14,-0.17,-0.49,-0.19,0,-0.58,-0.03,-0.46,-0.42
1893,9,-0.3,-0.5,-0.21,-0.39,-0.51,-0.31,-0.21,-0.49,-0.14,-0.58,-0.26,-0.66,-0.26,-1.12,-0.11,-0.86,0.05
1893,10,-0.23,-0.46,-0.13,-0.38,-0.55,-0.26,-0.08,-0.25,-0.04,-0.4,-0.36,0.63,-1.12,-1.49,0.28,-0.7,0.43
1893,11,-0.39,-0.64,-0.28,-0.56,-0.76,-0.4,-0.22,-0.37,-0.19,-0.37,-0.04,-0.45,-1.42,-0.77,-0.25,-1.49,-0.05
1893,12,-0.39,-0.8,-0.21,-0.63,-1.03,-0.33,-0.16,-0.29,-0.13,0.01,-1.04,0.02,-1.92,-0.43,-0.19,-2.63,-0.19
1894,1,-0.58,-1.14,-0.33,-0.86,-1.41,-0.45,-0.3,-0.55,-0.24,0.13,-1.31,-1.09,-2.61,-0.67,-0.6,-2.86,-0.32
1894,2,-0.42,-0.85,-0.23,-0.64,-0.93,-0.42,-0.21,-0.66,-0.1,-0.63,0.93,0.49,-3.18,-0.54,-1.42,-2.62,-0.35
1894,3,-0.35,-0.43,-0.32,-0.48,-0.49,-0.47,-0.23,-0.31,-0.21,-0.36,0.06,0.4,-0.79,-0.72,-0.12,-1.27,-0.24
1894,4,-0.39,-0.69,-0.25,-0.45,-0.75,-0.22,-0.33,-0.56,-0.27,-0.5,-0.86,0.68,-1.19,-1.11,-0.7,-1.16,0.04
1894,5,-0.26,-0.24,-0.26,-0.24,-0.17,-0.29,-0.28,-0.41,-0.25,-0.01,-0.03,-0.2,-0.48,-0.3,-1.57,-0.24,0.03
1894,6,-0.38,-0.68,-0.24,-0.48,-0.65,-0.35,-0.27,-0.77,-0.16,-0.79,-0.53,-0.62,-0.52,-0.99,-0.71,-1.01,-0.27
1894,7,-0.16,-0.22,-0.13,-0.13,-0.16,-0.1,-0.2,-0.38,-0.16,0.11,-0.12,0.14,-0.44,-0.77,-0.97,-0.23,0.17
1894,8,-0.13,-0.1,-0.14,-0.09,-0.07,-0.1,-0.16,-0.15,-0.17,0.26,-0.01,-0.32,-0.35,-0.29,-0.74,-0.1,0.03
1894,9,-0.3,-0.59,-0.17,-0.29,-0.49,-0.13,-0.31,-0.84,-0.19,-0.04,-0.37,-1.59,-0.53,-0.44,-0.91,-0.97,-0.6
1894,10,-0.36,-0.66,-0.22,-0.55,-0.85,-0.33,-0.16,-0.21,-0.14,-0.06,-0.82,-0.4,-0.6,-0.44,-0.42,-1.88,0.05
1894,11,-0.37,-0.68,-0.22,-0.6,-0.9,-0.38,-0.13,-0.18,-0.12,0.02,-0.99,0.06,-1.4,-0.08,-0.29,-1.64,-0.21
1894,12,-0.32,-0.55,-0.22,-0.43,-0.6,-0.3,-0.22,-0.43,-0.17,-0.57,-1.01,-0.31,0.19,-0.66,-0.53,-0.37,-0.05
1895,1,-0.38,-0.9,-0.14,-0.64,-1.18,-0.24,-0.11,-0.26,-0.07,0.31,-2.55,-0.33,-0.67,-0.32,-0.63,-1.19,-0.24
1895,2,-0.42,-0.94,-0.19,-0.57,-0.98,-0.26,-0.28,-0.85,-0.14,0.57,-1.88,-2.17,-1.01,-0.67,-0.88,-1.81,-0.46
1895,3,-0.29,-0.38,-0.25,-0.36,-0.45,-0.3,-0.22,-0.2,-0.22,-0.28,-0.33,-1.19,-0.75,-0.4,-0.3,-0.53,0.09
1895,4,-0.18,-0.28,-0.13,-0.25,-0.33,-0.19,-0.1,-0.17,-0.09,0.18,-0.74,-0.27,0.7,-0.44,-0.39,-1.67,0.12
1895,5,-0.25,-0.52,-0.13,-0.33,-0.59,-0.13,-0.18,-0.37,-0.14,0.01,-0.83,0.05,-0.42,-0.63,-0.84,-0.95,-0.13
1895,6,-0.2,-0.29,-0.16,-0.29,-0.41,-0.21,-0.1,-0.01,-0.13,-0.62,-0.42,-0.01,-0.27,0.21,-0.48,-0.11,0.1
1895,7,-0.08,-0.09,-0.07,-0.09,-0.1,-0.09,-0.06,-0.07,-0.06,0.24,-0.05,0.05,-0.45,0.05,-1.14,0.28,0.15
1895,8,-0.1,-0.18,-0.06,-0.2,-0.35,-0.09,0,0.19,-0.04,-0.07,-0.37,-0.24,-0.58,0.55,-0.42,-0.28,0.12
1895,9,-0.23,-0.45,-0.13,-0.33,-0.5,-0.19,-0.13,-0.31,-0.08,-0.68,-0.09,0.21,-0.7,-0.15,-0.48,-0.66,-0.25
1895,10,-0.27,-0.59,-0.12,-0.37,-0.76,-0.08,-0.17,-0.21,-0.16,-0.5,-0.16,0.01,-1.51,-0.8,0.33,-1.29,0.09
1895,11,-0.13,-0.42,-0,-0.24,-0.56,0,-0.02,-0.09,-0,-0.04,-0.28,0.42,-1.59,-0.3,-0.37,-0.47,-0.1
1895,12,-0.24,-0.58,-0.09,-0.4,-0.88,-0.03,-0.09,0.1,-0.14,0.05,-0.6,-0.56,-1.18,-0.17,0.08,-2.3,0.18
1896,1,-0.16,-0.36,-0.07,-0.31,-0.53,-0.15,-0.01,0.01,-0.02,0.37,0.1,-1.16,-1.73,-0.6,0.39,-1.96,0.25
1896,2,-0.22,-0.44,-0.13,-0.35,-0.59,-0.16,-0.1,-0.09,-0.1,0.29,-0.5,-0.26,-1.46,-0.01,-0.3,-1.29,-0.29
1896,3,-0.2,-0.61,-0.01,-0.37,-0.86,-0.01,-0.02,-0.05,-0.02,-0.04,-1.05,0.51,-2.1,-0.16,-0.28,-0.56,-0.02
1896,4,-0.32,-1.02,-0.01,-0.65,-1.4,-0.09,0,-0.15,0.04,-0.3,-1.75,-1.24,-1.21,-0.38,-0.32,-2.83,0.31
1896,5,-0.25,-0.66,-0.06,-0.36,-0.78,-0.05,-0.13,-0.39,-0.07,-0.65,-0.42,-0.76,-0.76,-0.36,-0.87,-1.77,0.01
1896,6,-0.02,-0.1,0.01,0,-0.1,0.08,-0.05,-0.1,-0.04,0.18,0.18,0.3,-0.43,-0.48,-1.15,-0.63,0.45
1896,7,-0.04,-0.24,0.06,-0.01,-0.16,0.1,-0.06,-0.43,0.03,0.37,-0.32,0.29,-0.52,0.57,-1.23,-0.44,-0.53
1896,8,0.01,-0.15,0.08,-0,-0.19,0.14,0.02,-0.08,0.04,0.01,-0.09,-0.51,-0.12,0.79,-1.08,-0.08,-0.48
1896,9,-0.08,-0.31,0.02,-0.13,-0.34,0.04,-0.03,-0.24,0.01,-0.34,-0.18,0.07,-0.78,0.69,-1.11,-0.12,-0.46
1896,10,-0.04,-0.03,-0.05,-0.06,-0.01,-0.11,-0.02,-0.07,-0.01,0.11,0.24,0.48,-0.86,-0.32,0.69,0.52,-0.22
1896,11,-0.1,-0.55,0.11,-0.25,-0.8,0.17,0.05,-0,0.06,-0.03,-0.33,-1.39,-2.45,0.08,-0.06,-0.62,-0.11
1896,12,-0.11,-0.47,0.05,-0.34,-0.81,0.02,0.12,0.29,0.08,0.28,-1.47,-0.39,0.17,-0.09,0.6,-1.95,0.15
1897,1,-0.12,-0.48,0.04,-0.26,-0.55,-0.05,0.02,-0.33,0.1,0.24,-1.41,-0.62,-0.54,-0.18,-0.09,-0.82,-0.2
1897,2,-0.23,-0.8,0.02,-0.55,-1.04,-0.17,0.08,-0.27,0.16,-0.21,-1.04,0.07,-1.28,-0.07,0.03,-2.31,-0.3
1897,3,-0.17,-0.74,0.08,-0.39,-0.96,0.04,0.04,-0.25,0.11,-0.37,-1.33,0.28,-1.84,0.63,-0.49,-0.49,-0.38
1897,4,-0.03,-0.04,-0.02,-0.09,-0.16,-0.04,0.04,0.23,-0.01,0.13,-0.24,0.32,-0.65,0.35,0.22,-0.28,-0.07
1897,5,-0.1,-0.12,-0.09,-0.12,-0.09,-0.14,-0.08,-0.19,-0.05,-0.24,0.17,0.12,-0.6,0.27,-0.69,0.22,-0.13
1897,6,-0.1,-0.13,-0.09,-0.17,-0.28,-0.09,-0.02,0.23,-0.08,0.49,-0.36,0.3,-0.66,-0.52,0.56,-0.82,0.23
1897,7,-0.06,-0.04,-0.07,-0.01,0.08,-0.08,-0.12,-0.32,-0.07,0.32,0.23,0.37,-0.22,-0.91,0.21,-0.12,-0.12
1897,8,-0.02,-0.04,-0.01,0.01,0.05,-0.03,-0.05,-0.26,-0,0.57,-0.07,0.28,-0.3,-0.7,-0.44,-0.36,0.2
1897,9,-0.14,-0.23,-0.1,-0.21,-0.26,-0.17,-0.07,-0.14,-0.05,-0.08,0.07,0.04,-0.48,-0.79,-0.16,-1.25,0.26
1897,10,-0.21,-0.4,-0.13,-0.43,-0.7,-0.22,0.01,0.27,-0.06,-0.02,-0.33,-0.32,-1.01,-0.22,0.16,-2.01,0.38
1897,11,-0.14,-0.16,-0.12,-0.27,-0.46,-0.13,0,0.52,-0.12,0.12,-0.06,-1.36,-1.41,-0.45,0.93,-0.17,0.55
1897,12,-0.1,-0.03,-0.13,-0.15,-0.08,-0.2,-0.05,0.07,-0.08,0.08,-0.68,-0.76,-0.41,0.17,0.04,1.4,0.14
1898,1,-0.23,-0.52,-0.1,-0.3,-0.64,-0.03,-0.16,-0.24,-0.14,-1.22,0.2,1.01,-0.93,-0.23,0.14,-2.42,0.01
1898,2,-0.36,-0.74,-0.19,-0.5,-0.93,-0.17,-0.23,-0.32,-0.21,-0.9,-0.79,0.19,-1.28,-0.2,-0.34,-1.48,-0.17
1898,3,-0.47,-1.06,-0.2,-0.7,-1.42,-0.16,-0.23,-0.24,-0.23,0.24,-3.33,-1.04,-0.36,-0.47,-0.33,-0.62,-0.15
1898,4,-0.34,-0.54,-0.25,-0.37,-0.48,-0.28,-0.31,-0.67,-0.23,-0.47,-1.36,-0.44,0.75,-0.81,-0.76,0.04,-0.27
1898,5,-0.28,-0.31,-0.27,-0.29,-0.25,-0.32,-0.28,-0.46,-0.24,-0.11,-0.59,-0.22,0.28,-0.28,-1.42,-0.42,0.07
1898,6,-0.14,-0.08,-0.17,-0.14,-0.19,-0.1,-0.14,0.18,-0.22,-0.05,-0.41,-0.41,0,0.91,-0.23,-0.27,0.04
1898,7,-0.12,-0.02,-0.17,-0.09,-0.06,-0.11,-0.15,0.08,-0.21,0.44,-0.04,-0.77,-0.62,-0.22,-0.38,-0.28,0.57
1898,8,-0.1,0.03,-0.16,-0.06,0.06,-0.15,-0.15,-0.05,-0.17,0.04,-0.09,0.09,-0.15,-0.16,0.19,-0.06,0.3
1898,9,-0.15,-0.08,-0.18,-0.19,-0.22,-0.17,-0.1,0.25,-0.18,-0.13,-0.26,-0.11,-0.34,-0.35,0.29,-0.35,0.62
1898,10,-0.34,-0.53,-0.25,-0.44,-0.7,-0.24,-0.24,-0.15,-0.26,0.6,-0.97,-0.05,-1.72,-1.37,0,-1.22,0.51
1898,11,-0.38,-0.83,-0.17,-0.69,-1.26,-0.27,-0.06,0.13,-0.1,-0.1,-0.68,0.78,-2.93,-0.45,0.33,-2.95,0.27
1898,12,-0.24,-0.41,-0.16,-0.4,-0.63,-0.22,-0.08,0.09,-0.12,-0.13,0.37,0.59,-1.46,-0.2,0.17,-2.84,0.3
1899,1,-0.28,-0.6,-0.13,-0.31,-0.56,-0.12,-0.24,-0.69,-0.14,-0.15,0.09,1.19,-1.54,-0.7,-1.17,-2.23,-0.2
1899,2,-0.32,-0.69,-0.15,-0.47,-0.77,-0.24,-0.17,-0.51,-0.09,-0,-0.05,0.79,-3.62,-0.7,0.09,-1.48,-0.25
1899,3,-0.27,-0.36,-0.22,-0.45,-0.52,-0.39,-0.09,-0.02,-0.11,0.06,0.43,-0.86,-2.64,-0.33,-0.23,-0.89,0.29
1899,4,-0.25,-0.31,-0.22,-0.32,-0.47,-0.22,-0.18,0.06,-0.23,-0.16,-0.35,-0.01,-0.82,0.1,-0.17,-1.03,0.14
1899,5,-0.2,-0.45,-0.09,-0.35,-0.58,-0.17,-0.06,-0.16,-0.04,-0.46,-0.19,-0.38,-1,0.5,-0.99,-1.57,0.11
1899,6,-0.27,-0.4,-0.22,-0.38,-0.5,-0.29,-0.17,-0.17,-0.17,-0.34,-0.33,-0.82,-0.55,-0.3,-0.58,-1.11,0.22
1899,7,-0.1,-0.12,-0.09,-0.08,-0.2,0.02,-0.12,0.07,-0.17,0.37,-0.3,0.28,-0.46,0.66,-1.17,-0.37,0.03
1899,8,-0.06,-0.08,-0.05,-0.09,-0.16,-0.03,-0.03,0.1,-0.05,0.47,-0.12,-0.53,-0.53,0.63,-0.56,-0.4,-0.06
1899,9,-0.01,0.16,-0.09,-0,0.09,-0.08,-0.02,0.31,-0.09,0.69,0.09,0.14,-0.6,0.27,0.21,-0.31,0.31
1899,10,-0.12,-0.34,-0.02,-0.13,-0.26,-0.04,-0.11,-0.52,-0.01,0.16,0.24,-0.14,-0.98,-1.28,-0.61,-0.75,0.2
1899,11,-0.05,0.01,-0.07,-0.11,-0.02,-0.18,0.02,0.06,0.01,-0.05,0.08,0.64,0.47,-0.36,0.11,-1.03,0.39
1899,12,-0.04,0.01,-0.06,-0.05,-0.06,-0.05,-0.03,0.16,-0.07,0.66,-1.04,-2,-0.16,0.2,0.37,0.68,0.15
1900,1,-0.27,-0.75,-0.05,-0.46,-1.08,0.02,-0.08,0.01,-0.1,-0.13,-3.49,0.34,0.5,0.01,-0.14,-0.72,0.09
1900,2,0.06,0.04,0.07,-0.05,-0.26,0.12,0.17,0.73,0.03,0.37,-1.09,0.3,-1.07,0.5,1.07,0.14,0.62
1900,3,-0.06,0.11,-0.14,0,0.16,-0.12,-0.12,-0,-0.15,0.09,0.32,-1.54,-0.01,0.01,-0.15,0.64,0.19
1900,4,-0.1,-0.36,0.02,-0.12,-0.39,0.08,-0.07,-0.3,-0.02,-0.3,-0.73,-0.77,0.84,-0.08,-0.4,-0.59,-0.28
1900,5,-0.11,-0.09,-0.12,-0.08,0.03,-0.16,-0.14,-0.35,-0.09,0.15,0.15,-0.9,0.61,0.1,-0.54,-0.43,-0.43
1900,6,-0.02,0.01,-0.03,-0.02,-0.08,0.03,-0.03,0.21,-0.08,0.39,-0.51,-0.16,0.57,0.22,0.14,-0.48,0.07
1900,7,-0.09,-0.16,-0.06,-0.07,-0.19,0.02,-0.12,-0.08,-0.12,0.03,-0.21,0.1,-0.32,0.24,-0.76,-0.34,-0.04
1900,8,-0.09,-0.11,-0.08,-0.09,-0.15,-0.04,-0.09,-0.02,-0.1,-0.04,0.07,-0.07,-0.21,0.03,-0.06,-0.49,-0.13
1900,9,-0.12,-0.35,-0.02,-0.16,-0.3,-0.06,-0.09,-0.45,-0,-0.35,-0.1,-0.38,-0.01,-0.01,-0.5,-0.58,-0.58
1900,10,-0.02,0.02,-0.04,-0.04,-0.19,0.07,0,0.5,-0.11,-0.09,0,0.46,0.23,0.18,0.34,-0.93,0.35
1900,11,-0.11,-0.12,-0.1,-0.2,-0.35,-0.08,-0.02,0.4,-0.12,0.02,-0.12,0.34,-1.29,0.21,0.8,-0.22,0.06
1900,12,-0.03,0.01,-0.05,-0.07,-0.11,-0.03,0.01,0.3,-0.06,0.12,-0.08,0.56,0.24,0.18,0.72,-1.52,0.15
1901,1,-0.17,-0.57,0.01,-0.37,-0.84,-0.01,0.03,0.05,0.02,0.22,-1.04,-0.81,-0.89,-0.25,0.06,-2.5,0.23
1901,2,-0.13,-0.25,-0.08,-0.15,-0.31,-0.03,-0.12,-0.11,-0.12,0.47,0.03,-1.63,-1.17,0.07,-0.03,-0.32,-0.09
1901,3,0.05,0.46,-0.13,0.3,0.86,-0.13,-0.19,-0.43,-0.13,0.67,1.36,-0.09,-0.11,-0.07,-0.55,1.2,-0.43
1901,4,0.01,0.27,-0.11,0.18,0.46,-0.03,-0.17,-0.18,-0.17,0.69,0.43,0.29,-0.08,-0.35,-0.41,0.54,0.02
1901,5,-0.1,-0.18,-0.06,-0.16,-0.26,-0.09,-0.04,-0,-0.05,0.03,-0.16,-0.13,-0.05,0.12,-0.09,-1.06,-0.1
1901,6,-0.14,-0.06,-0.18,-0.05,-0.01,-0.09,-0.22,-0.17,-0.24,0.25,0.09,0.96,-0.44,0.94,-0.91,-0.34,-0.43
1901,7,-0.13,-0.03,-0.17,-0.07,-0.06,-0.09,-0.18,0.04,-0.23,-0.14,-0.24,0.7,0.21,0.69,-0.89,-0.38,0.11
1901,8,-0.11,-0,-0.16,-0.11,-0.12,-0.1,-0.11,0.25,-0.2,-0.04,-0.16,0.03,0.11,0.82,-0.49,-0.55,0.13
1901,9,-0.21,-0.1,-0.26,-0.3,-0.37,-0.25,-0.11,0.52,-0.26,-0.28,-0.45,-0.17,-0.67,0.93,0.34,-0.6,0.32
1901,10,-0.26,-0.33,-0.22,-0.35,-0.54,-0.2,-0.16,0.15,-0.24,-0.17,-1.42,0.26,0,0.77,-0.49,-0.46,0.09
1901,11,-0.19,-0.22,-0.18,-0.26,-0.41,-0.15,-0.11,0.23,-0.19,-0.11,0.51,-1.17,-0.91,-0.16,0.76,-1.56,0.18
1901,12,-0.1,0.1,-0.19,-0.1,0.03,-0.19,-0.1,0.26,-0.18,0.06,-0.73,0.01,0.4,-0.04,0.66,0.65,0.27
1902,1,-0.19,-0.17,-0.2,-0.26,-0.21,-0.3,-0.12,-0.07,-0.14,-0.57,0.25,0.93,-0.03,-0.09,0.09,-1.68,-0.1
1902,2,-0.06,0.22,-0.18,-0.04,0.26,-0.26,-0.08,0.11,-0.13,0.2,0.34,0.16,0.39,0.33,0.06,-0.23,-0.03
1902,3,-0.3,-0.46,-0.23,-0.41,-0.65,-0.23,-0.18,-0.03,-0.22,0.2,-0.34,-0.47,-0.85,0.03,-0.1,-2.83,-0
1902,4,-0.24,-0.48,-0.12,-0.38,-0.72,-0.13,-0.09,0.06,-0.12,0.41,-1.55,-0.76,-0,0.48,-0.12,-1.46,-0.15
1902,5,-0.2,-0.24,-0.19,-0.34,-0.53,-0.19,-0.07,0.41,-0.18,0.16,-0.78,-1.76,-0.13,0.64,-0.53,-1.33,0.34
1902,6,-0.14,0.03,-0.22,-0.25,-0.24,-0.26,-0.03,0.66,-0.2,0.24,-0.2,-0.79,-0.62,0.83,-0.57,-0.46,0.69
1902,7,-0.15,-0.02,-0.21,-0.23,-0.19,-0.27,-0.07,0.38,-0.17,0.58,-0.44,-1.18,-0.11,0.34,-0.44,0,0.31
1902,8,-0.19,-0.13,-0.21,-0.18,-0.11,-0.23,-0.2,-0.18,-0.2,0.58,-0.27,-0.88,0.12,-0.31,-0.47,-0.58,-0.02
1902,9,-0.24,-0.29,-0.22,-0.36,-0.52,-0.23,-0.12,0.25,-0.21,-0.39,-0.35,-0.82,-0.66,0.35,-0.32,-1.01,0.38
1902,10,-0.26,-0.45,-0.18,-0.35,-0.6,-0.16,-0.18,-0.09,-0.2,-0.09,-1.18,-1.03,0.32,-0.13,-0.12,-1.55,0.12
1902,11,-0.28,-0.59,-0.14,-0.48,-0.99,-0.09,-0.08,0.32,-0.18,0.14,-1.77,-1.68,-0.43,0.17,-0.02,-2.34,0.35
1902,12,-0.33,-0.77,-0.13,-0.56,-1.15,-0.12,-0.1,0.09,-0.14,0.4,-1.06,-1.84,-1.98,0.25,-0.54,-2.78,0.14
1903,1,-0.2,-0.31,-0.15,-0.29,-0.47,-0.14,-0.11,0.06,-0.15,0.09,-0.33,-0.19,-0.7,-0.17,-0.05,-1.76,0.21
1903,2,-0.23,-0.21,-0.24,-0.29,-0.25,-0.32,-0.18,-0.12,-0.19,-1.4,1.45,1.57,-1.46,0.33,-0.24,-0.4,-0.17
1903,3,-0.18,-0.08,-0.22,-0.23,-0.24,-0.23,-0.12,0.27,-0.21,-0.25,-0.7,1.16,-0.19,0.16,-0.06,0.76,0.28
1903,4,-0.42,-0.63,-0.33,-0.53,-0.77,-0.35,-0.31,-0.3,-0.32,0.16,-1,-0.68,-0.84,-0.38,-0.2,-1.32,-0.24
1903,5,-0.28,-0.27,-0.28,-0.35,-0.39,-0.31,-0.2,0.01,-0.26,0.18,-0.62,-0.19,-0.74,-0.11,-0.56,-0.28,0.14
1903,6,-0.28,-0.22,-0.31,-0.42,-0.52,-0.35,-0.14,0.44,-0.28,-0.21,-0.64,-0.37,-0.61,0.35,-0.6,-0.57,0.65
1903,7,-0.33,-0.37,-0.32,-0.38,-0.33,-0.43,-0.29,-0.48,-0.24,-0.36,-0.07,-0.74,-0.58,-0.01,-0.68,-0.24,-0.46
1903,8,-0.38,-0.36,-0.4,-0.47,-0.39,-0.52,-0.3,-0.27,-0.31,-0.22,-0.35,-0.59,-0.31,0.23,-0.32,-0.51,-0.47
1903,9,-0.4,-0.47,-0.37,-0.42,-0.45,-0.41,-0.38,-0.52,-0.34,-0.56,-0.37,-0.27,-0.89,-0.04,-0.63,-0.27,-0.32
1903,10,-0.46,-0.65,-0.37,-0.61,-0.88,-0.41,-0.31,-0.15,-0.35,-1.01,-1.13,-0.59,0.04,-0.52,-0.44,-0.97,0.38
1903,11,-0.32,-0.29,-0.34,-0.38,-0.26,-0.47,-0.26,-0.36,-0.24,-0.6,-0.2,-0.06,-0.57,-0.6,-0.49,0.73,-0.03
1903,12,-0.5,-0.83,-0.35,-0.62,-0.97,-0.35,-0.38,-0.52,-0.35,-0.67,-1.67,-0.19,-0.07,-0.53,-1.08,-0.75,-0.1
1904,1,-0.59,-0.91,-0.45,-0.68,-0.92,-0.49,-0.51,-0.89,-0.43,-0.3,-0.65,-0.24,-1.92,-0.68,-0.93,-1.38,-0.54
1904,2,-0.52,-0.65,-0.46,-0.55,-0.64,-0.48,-0.48,-0.68,-0.44,-0.58,0.06,0.57,-2.72,-0.81,-0.9,-1.59,-0.18
1904,3,-0.3,-0.13,-0.38,-0.18,0.07,-0.37,-0.43,-0.59,-0.39,-0.42,-0.29,-0.83,-0.42,-0.96,-0.77,2.1,0.02
1904,4,-0.49,-0.63,-0.42,-0.57,-0.72,-0.45,-0.41,-0.43,-0.4,-0.74,-1.09,-0.14,0.03,-0.15,-0.26,-0.2,-0.5
1904,5,-0.45,-0.46,-0.44,-0.45,-0.42,-0.48,-0.45,-0.55,-0.42,-0.95,-0.46,-0.71,0.01,-0.48,-0.51,-0.2,-0.34
1904,6,-0.39,-0.36,-0.41,-0.5,-0.46,-0.53,-0.28,-0.12,-0.32,-0.39,-0.51,-0.46,-0.58,-0.09,-1.07,-0.33,0.2
1904,7,-0.39,-0.36,-0.4,-0.5,-0.51,-0.5,-0.27,-0.02,-0.33,-0.53,-0.5,-0.07,-0.77,0.22,-0.43,-0.38,0.1
1904,8,-0.37,-0.36,-0.38,-0.4,-0.29,-0.49,-0.34,-0.52,-0.3,-0.36,-0.22,-0.27,-0.5,-0.14,-0.59,-0.02,-0.41
1904,9,-0.42,-0.48,-0.39,-0.54,-0.58,-0.5,-0.3,-0.24,-0.32,-0.33,-0.8,-0.88,-0.84,-0.12,-0.68,-0.81,0.13
1904,10,-0.34,-0.4,-0.31,-0.39,-0.42,-0.37,-0.29,-0.36,-0.27,-0.31,-0.73,0.11,-0.66,-0.42,-0.62,-0.14,0.01
1904,11,-0.2,0.06,-0.31,-0.18,0.13,-0.41,-0.22,-0.11,-0.25,-0.12,0.75,-1.25,0.23,-0.53,-0.04,-0.23,0.19
1904,12,-0.22,-0.08,-0.28,-0.27,-0.1,-0.41,-0.16,-0.02,-0.19,-0.24,0.18,-0.24,-0.72,-0.35,0.03,-0.27,0.32
1905,1,-0.28,-0.22,-0.3,-0.34,-0.27,-0.39,-0.21,-0.11,-0.24,-0.51,0.74,-1.5,-1.12,-0.27,-0.11,-0.08,-0.03
1905,2,-0.51,-0.91,-0.32,-0.71,-1.1,-0.42,-0.3,-0.47,-0.26,-0.53,-1.71,-0.27,-1.33,-0.32,-0.57,0.41,-0.37
1905,3,-0.25,-0.22,-0.26,-0.32,-0.29,-0.35,-0.17,-0.06,-0.19,-0.34,-1.87,0.01,1.1,-0.15,-0.07,1.56,-0.01
1905,4,-0.32,-0.39,-0.29,-0.37,-0.44,-0.32,-0.27,-0.29,-0.27,-0.14,-1.79,-0.83,0.73,-0.23,0.05,1.16,-0.29
1905,5,-0.22,-0.09,-0.27,-0.29,-0.23,-0.33,-0.15,0.23,-0.24,-0.37,-0.49,-0.11,-0.05,0.19,-0.01,0.16,0.42
1905,6,-0.13,-0.04,-0.18,-0.27,-0.29,-0.25,0,0.53,-0.12,-0.02,-0.54,0.43,-0.18,0.77,-0.51,-0.5,0.54
1905,7,-0.15,-0.08,-0.18,-0.18,-0.19,-0.17,-0.11,0.18,-0.18,0.09,-0.22,0.5,-0.48,0.01,-0.59,-0.48,0.46
1905,8,-0.24,-0.36,-0.19,-0.26,-0.27,-0.26,-0.22,-0.57,-0.14,-0.27,-0.42,0,0.13,0.19,-0.88,-0.56,-0.67
1905,9,-0.3,-0.46,-0.22,-0.29,-0.36,-0.23,-0.3,-0.7,-0.21,-0.2,-0.39,-0.11,-0.15,0.04,-1.55,-0.86,-0.57
1905,10,-0.33,-0.53,-0.24,-0.33,-0.44,-0.25,-0.33,-0.73,-0.24,0.03,0.2,-1.59,-1.41,0.18,-1.59,-0.83,-0.88
1905,11,-0.2,-0.14,-0.23,-0.2,-0.2,-0.2,-0.2,0.02,-0.26,0.32,0.15,0.14,-0.03,0.2,-0.19,-1.45,-0.08
1905,12,-0.29,-0.43,-0.22,-0.51,-0.76,-0.32,-0.06,0.32,-0.16,0.16,-0.34,-0.02,-1.3,-0.11,0.37,-2.5,0.24
1906,1,-0.35,-0.75,-0.16,-0.61,-1.11,-0.23,-0.09,0.05,-0.12,0.06,-1.87,0.42,-0.94,-0.25,0.78,-2.52,-0.26
1906,2,-0.22,-0.45,-0.12,-0.42,-0.74,-0.18,-0.03,0.18,-0.08,0.03,-1.54,0.1,-0.94,0.22,0.61,-0.3,-0.15
1906,3,-0.19,-0.29,-0.15,-0.23,-0.39,-0.1,-0.16,-0.05,-0.19,-0.01,0.28,-0.25,-1.27,0.52,-0.8,-0.45,-0.05
1906,4,-0.04,0.3,-0.19,0.03,0.36,-0.21,-0.11,0.15,-0.18,-0.11,0.63,0.16,0.01,0.08,0.38,0.54,0.13
1906,5,-0.19,0.11,-0.32,-0.23,-0.04,-0.37,-0.15,0.44,-0.28,-0.21,0.06,0.37,0.1,0.7,0.23,-0.08,0.16
1906,6,-0.12,0.11,-0.23,-0.17,-0.08,-0.24,-0.08,0.52,-0.22,-0.38,0.38,-0.02,-0.29,-0.57,0.67,-0.13,0.86
1906,7,-0.1,0.01,-0.16,-0.21,-0.19,-0.23,0,0.46,-0.11,-0.29,-0.31,-0.05,0.06,0.31,0.37,-0.19,0.43
1906,8,-0.23,-0.14,-0.27,-0.22,-0.13,-0.28,-0.24,-0.15,-0.26,-0.38,0.16,-0.54,-0.38,0.1,-0.18,0.11,-0.08
1906,9,-0.21,-0.18,-0.23,-0.17,-0.1,-0.21,-0.26,-0.36,-0.24,-0.03,-0.32,-0.81,0.11,-0.33,-0.37,0.02,-0.11
1906,10,-0.18,0.11,-0.3,-0.11,0.18,-0.33,-0.24,-0.04,-0.29,-0.03,0.13,-0.2,-0.31,0.12,-0.16,0.97,0.05
1906,11,-0.25,-0.25,-0.26,-0.25,-0.28,-0.23,-0.25,-0.17,-0.27,-0.23,-0.87,0.72,-0.37,0.05,-0.91,0.36,0.31
1906,12,-0.03,0.34,-0.19,0.13,0.55,-0.19,-0.18,-0.13,-0.19,-0.16,1.38,-0.78,-0.79,-0.5,-0.47,1.12,0.25
1907,1,-0.33,-0.4,-0.31,-0.34,-0.41,-0.3,-0.33,-0.37,-0.31,-0.19,-0.31,-1.24,-1.62,-0.43,-0.51,-0.43,-0.33
1907,2,-0.48,-0.85,-0.32,-0.68,-1.05,-0.4,-0.28,-0.39,-0.26,-0.7,-0.94,-1.21,-1.77,-0.45,-0.26,-0.83,-0.32
1907,3,-0.28,-0.35,-0.25,-0.34,-0.45,-0.25,-0.22,-0.12,-0.25,-0.93,-0.3,-1.03,-0.76,0.03,-0.85,0.11,0.1
1907,4,-0.42,-0.74,-0.27,-0.58,-0.9,-0.35,-0.25,-0.39,-0.22,-0.82,-0.22,-1.2,-2.57,-0.14,-0.62,-0.41,-0.22
1907,5,-0.43,-0.8,-0.26,-0.58,-1.05,-0.23,-0.28,-0.24,-0.29,-0.49,-0.76,0.07,-2.26,-0.73,-0.26,-1.3,0.17
1907,6,-0.37,-0.56,-0.28,-0.5,-0.73,-0.33,-0.24,-0.18,-0.25,-0.48,-0.82,-0.18,-1.09,-0.22,-0.28,-0.88,0.01
1907,7,-0.27,-0.35,-0.23,-0.36,-0.58,-0.2,-0.17,0.17,-0.25,-0.33,-0.57,-1.01,-0.95,-0.12,-0.22,-0.91,0.55
1907,8,-0.29,-0.25,-0.31,-0.46,-0.52,-0.41,-0.12,0.35,-0.23,-0.57,-0.24,-0.8,-0.98,-0.41,-0.07,-0.58,0.99
1907,9,-0.29,-0.34,-0.26,-0.37,-0.42,-0.34,-0.2,-0.16,-0.21,-0.42,-0.14,-0.6,-0.87,0.32,-0.12,-0.54,-0.22
1907,10,-0.23,-0.1,-0.29,-0.22,-0.14,-0.28,-0.24,-0.02,-0.29,-0.27,-0.09,1.16,-0.62,0.03,0.19,-0.11,0.04
1907,11,-0.37,-0.53,-0.3,-0.47,-0.66,-0.32,-0.28,-0.24,-0.29,0.08,-1.46,-0.66,-0.53,0.21,-0.48,-0.16,-0.34
1907,12,-0.42,-0.57,-0.35,-0.48,-0.65,-0.35,-0.36,-0.4,-0.35,-0.55,-1.86,-0.55,1,-0.26,-0.45,-1.18,-0.21
1908,1,-0.47,-0.73,-0.35,-0.6,-0.9,-0.38,-0.33,-0.34,-0.33,-0.44,-1.4,-0.38,0.38,-0.32,0.17,-2.33,-0.36
1908,2,-0.23,-0.08,-0.3,-0.11,0.14,-0.31,-0.36,-0.59,-0.3,-0.67,-0.13,0.55,0.02,-0.51,-0.49,1.82,-0.27
1908,3,-0.48,-0.72,-0.37,-0.63,-0.92,-0.42,-0.33,-0.27,-0.34,-0.14,-1.81,-0.92,-0.89,-0.13,-0.97,-0.72,-0.03
1908,4,-0.51,-0.71,-0.42,-0.62,-0.85,-0.44,-0.4,-0.37,-0.4,-0.51,-0.7,-1.13,-0.92,-0.34,-0.37,-1.61,-0.2
1908,5,-0.35,-0.44,-0.31,-0.34,-0.31,-0.36,-0.36,-0.71,-0.28,-0.18,-0.23,0.27,-0.48,-0.13,-0.55,-0.71,-0.64
1908,6,-0.31,-0.14,-0.39,-0.26,-0.02,-0.43,-0.37,-0.4,-0.36,0.05,0.27,0.15,-0.7,0.41,-1.56,0.19,-0.41
1908,7,-0.28,-0.15,-0.34,-0.36,-0.24,-0.45,-0.21,0.05,-0.27,-0.07,-0.37,-0.35,-0.25,0.4,-0.82,0.03,0.09
1908,8,-0.41,-0.42,-0.41,-0.43,-0.32,-0.52,-0.39,-0.65,-0.33,-0.15,-0.21,-0.67,-0.56,-0.64,-0.89,-0.07,-0.45
1908,9,-0.36,-0.34,-0.37,-0.3,-0.08,-0.47,-0.42,-0.93,-0.29,0.11,-0.05,-0.66,0.15,-0.2,-1.29,-0.18,-0.99
1908,10,-0.43,-0.51,-0.4,-0.5,-0.56,-0.45,-0.37,-0.38,-0.37,-0.06,-0.64,-0.24,-0.87,-0.18,-0.97,-0.39,-0.12
1908,11,-0.41,-0.48,-0.38,-0.52,-0.63,-0.45,-0.3,-0.16,-0.33,-0.41,-1.14,-1.95,0.1,-0.79,0.01,-0.27,0.14
1908,12,-0.42,-0.44,-0.41,-0.53,-0.62,-0.46,-0.31,-0.01,-0.38,-0.59,-0.98,-0.85,-0.46,-0.58,-0,-0.82,0.25
1909,1,-0.6,-1.18,-0.34,-0.83,-1.47,-0.36,-0.37,-0.54,-0.33,-0.59,-1.6,-0.83,-2.04,-0.57,-0.63,-2.17,-0.32
1909,2,-0.37,-0.37,-0.37,-0.43,-0.39,-0.46,-0.31,-0.32,-0.31,0.03,-0.07,-1.9,-1.38,-0.49,-0.57,-0.57,-0.03
1909,3,-0.46,-0.55,-0.41,-0.6,-0.73,-0.51,-0.31,-0.16,-0.34,0.61,-1.83,-1.09,0.14,-0.48,-0.27,-1.17,0.13
1909,4,-0.45,-0.71,-0.33,-0.64,-0.93,-0.42,-0.26,-0.2,-0.27,-0.61,-0.31,-0.75,-2.13,-0,-1.02,-1.5,0.11
1909,5,-0.38,-0.46,-0.34,-0.43,-0.6,-0.3,-0.33,-0.15,-0.37,-0.24,-0.63,-0.82,-0.84,-0.75,-0.64,-0.93,0.46
1909,6,-0.39,-0.42,-0.37,-0.52,-0.58,-0.48,-0.25,-0.07,-0.29,-0.52,-0.74,-0.84,-0.09,-0.47,-0.17,-0.71,0.26
1909,7,-0.38,-0.3,-0.42,-0.42,-0.29,-0.52,-0.34,-0.31,-0.35,-0.37,0,-0.78,-0.48,-0.22,-0.91,-0.13,-0.07
1909,8,-0.31,-0.14,-0.38,-0.39,-0.18,-0.54,-0.23,-0.05,-0.27,-0.21,0.08,-0.16,-0.26,-0.09,-0.18,-0.3,-0.14
1909,9,-0.32,-0.17,-0.4,-0.35,-0.15,-0.5,-0.3,-0.19,-0.32,-0.22,-0.12,0.29,-0.43,-0.15,-0.47,-0.19,-0.03
1909,10,-0.3,-0.07,-0.41,-0.38,-0.22,-0.5,-0.23,0.27,-0.34,-0.16,-0.27,1.12,-0.7,-0.27,0.13,-0.12,0.64
1909,11,-0.25,0.14,-0.43,-0.2,0.19,-0.5,-0.3,0.03,-0.38,0.22,0.65,-0.91,-0.22,-0.35,-0.36,-0.41,0.29
1909,12,-0.38,-0.3,-0.42,-0.32,-0.21,-0.4,-0.45,-0.51,-0.43,0.07,0.18,0.7,-1.16,-0.78,-0.99,-0.32,-0.1
1910,1,-0.3,-0.19,-0.35,-0.23,-0.11,-0.32,-0.37,-0.38,-0.37,-0.58,-0.05,0.78,0.12,-0.46,-0.1,-0.23,-0.36
1910,2,-0.37,-0.28,-0.41,-0.34,-0.23,-0.42,-0.4,-0.41,-0.4,0.11,0.43,1.89,-3.05,-0.66,-0.09,0.55,-0.5
1910,3,-0.42,-0.38,-0.43,-0.46,-0.34,-0.56,-0.37,-0.48,-0.35,-0.73,-1.34,0.25,1.64,-0.8,-0.9,-0.44,0
1910,4,-0.38,-0.27,-0.44,-0.46,-0.34,-0.55,-0.31,-0.1,-0.36,-0.05,-0.49,-0.06,0.13,-0.59,0.02,-1.16,0.08
1910,5,-0.31,-0.22,-0.36,-0.34,-0.27,-0.39,-0.29,-0.09,-0.33,-0.28,-0.15,-0.21,-0.69,-0.69,0.23,-0.41,0.2
1910,6,-0.3,-0.24,-0.32,-0.47,-0.47,-0.47,-0.13,0.27,-0.22,-0.28,-0.62,0.23,-0.25,0.07,-0.08,-0.87,0.49
1910,7,-0.3,-0.04,-0.41,-0.37,-0.09,-0.58,-0.22,0.08,-0.29,-0.16,0.06,-0.75,-0.22,-0.2,0.01,-0.27,0.4
1910,8,-0.25,-0.08,-0.33,-0.35,-0.2,-0.45,-0.16,0.2,-0.25,-0.1,0.03,-0.66,-0.51,0.11,0.19,-0.05,0.11
1910,9,-0.32,-0.19,-0.38,-0.34,-0.32,-0.36,-0.3,0.1,-0.39,-0.4,-0.48,-0.59,-0.54,-0.05,0.42,0.21,0.06
1910,10,-0.37,-0.37,-0.37,-0.32,-0.24,-0.39,-0.41,-0.66,-0.35,-0.52,-0.61,-0.57,0.19,-0.61,-0.94,0.2,-0.21
1910,11,-0.34,-0.15,-0.42,-0.29,-0.08,-0.44,-0.39,-0.32,-0.4,-0.52,-1.08,-0.62,0.37,-0.3,-0.68,1.28,0.16
1910,12,-0.5,-0.71,-0.41,-0.58,-0.77,-0.43,-0.43,-0.57,-0.4,-0.45,-1.8,0.83,-0.75,-0.69,-0.76,-0.29,-0.14
1911,1,-0.52,-0.8,-0.39,-0.68,-1.1,-0.36,-0.35,-0.1,-0.4,-0.3,-1.17,-0.44,-1.86,-0.35,-0.36,-1.75,-0.01
1911,2,-0.58,-0.77,-0.49,-0.67,-0.89,-0.5,-0.49,-0.49,-0.49,-0.64,-0.57,-1.55,-0.68,-0.51,-0.87,-0.94,-0.26
1911,3,-0.58,-0.88,-0.45,-0.64,-0.99,-0.37,-0.52,-0.62,-0.5,-0.24,-1.63,-0.54,-0.34,-0.8,-0.49,-1.81,-0.28
1911,4,-0.37,-0.1,-0.49,-0.24,0.07,-0.48,-0.49,-0.47,-0.5,-0.44,0.22,-0.87,-0.26,-0.81,-0.46,0.73,0
1911,5,-0.43,-0.4,-0.44,-0.39,-0.32,-0.45,-0.46,-0.59,-0.43,-0.63,-0.76,0.16,0.09,-0.14,-0.5,-0.17,-0.51
1911,6,-0.4,-0.39,-0.4,-0.31,-0.23,-0.38,-0.49,-0.75,-0.42,-0.67,-0.27,-0.79,0.34,-0.55,-0.94,-0.46,-0.26
1911,7,-0.36,-0.26,-0.41,-0.4,-0.28,-0.48,-0.33,-0.21,-0.35,-0.58,-0.14,-0.14,-0.53,-0.27,-0.35,-0.08,0.07
1911,8,-0.35,-0.33,-0.36,-0.42,-0.47,-0.38,-0.28,-0.01,-0.34,-0.64,-0.28,0.71,-0.8,-0.75,-0.22,-0.46,0.58
1911,9,-0.31,-0.33,-0.31,-0.28,-0.31,-0.26,-0.34,-0.36,-0.34,-0.26,-0.65,0.16,-0.16,-0.85,-0.36,-0.48,0.18
1911,10,-0.2,-0.11,-0.24,-0.21,-0.08,-0.3,-0.2,-0.18,-0.2,-0.12,-0.53,-0.45,0.32,-0.66,-0.22,0.85,0.17
1911,11,-0.18,-0.07,-0.23,-0.18,-0.18,-0.19,-0.17,0.19,-0.25,-0.2,0.49,0.62,-1.91,0.15,0.41,0.01,0.03
1911,12,-0.18,-0.22,-0.16,-0.28,-0.4,-0.2,-0.08,0.18,-0.14,-0.06,-1.01,0.95,-0.04,0.16,-0.31,-0.53,0.25
1912,1,-0.27,-0.49,-0.16,-0.48,-0.77,-0.26,-0.06,0.13,-0.1,-0.04,0.08,-1.28,-2.01,-0.13,0.46,-1.01,0.05
1912,2,-0.2,-0.33,-0.14,-0.31,-0.58,-0.1,-0.09,0.24,-0.17,0.05,-0.39,0.22,-0.21,0.11,0.61,-2.67,0.19
1912,3,-0.37,-0.92,-0.12,-0.76,-1.54,-0.17,0.03,0.5,-0.08,-0.25,-1.79,1.41,-1.97,0.25,0.34,-2.78,0.56
1912,4,-0.19,-0.38,-0.1,-0.26,-0.44,-0.12,-0.12,-0.24,-0.09,-0.01,-0.1,-1.06,-0.52,0.12,-0.55,-0.71,-0.3
1912,5,-0.2,-0.15,-0.23,-0.19,-0.15,-0.21,-0.22,-0.14,-0.24,0.25,-0.22,-0.84,0.1,0.11,-0.18,-0.37,-0.37
1912,6,-0.2,-0.1,-0.25,-0.14,-0.01,-0.25,-0.26,-0.32,-0.24,-0.3,0.37,0.05,-0.49,0.13,-0.43,0.2,-0.35
1912,7,-0.33,-0.57,-0.22,-0.51,-0.76,-0.32,-0.15,-0.13,-0.16,-0.29,-0.8,-0.57,-1.19,-0.79,-0.19,-1.21,0.38
1912,8,-0.43,-0.68,-0.32,-0.62,-0.85,-0.45,-0.23,-0.27,-0.22,-0.31,-1.15,-1.13,-0.97,-0.07,0.09,-1.07,-0.27
1912,9,-0.42,-0.66,-0.3,-0.65,-0.86,-0.49,-0.18,-0.22,-0.18,-0.47,-1.18,-1.89,-0.49,-0.74,-0.04,-0.69,0.1
1912,10,-0.53,-1.05,-0.3,-0.86,-1.43,-0.42,-0.21,-0.16,-0.23,-0.5,-2.42,-1.81,0.09,-0.48,0.01,-1.81,0.03
1912,11,-0.24,-0.13,-0.28,-0.33,-0.25,-0.39,-0.14,0.12,-0.21,-0.43,-0.87,-1,0.56,-0.3,-0.42,1.12,0.22
1912,12,-0.28,-0.34,-0.25,-0.4,-0.44,-0.36,-0.16,-0.1,-0.18,-0.65,-1.05,0.72,-0.12,-0.55,0.08,0.14,0.19
1913,1,-0.35,-0.56,-0.25,-0.51,-0.74,-0.33,-0.19,-0.15,-0.2,0.08,-0.38,-0.21,-1.84,-0.54,-0.47,-2.11,0.08
1913,2,-0.31,-0.58,-0.19,-0.52,-0.8,-0.31,-0.1,-0.08,-0.11,-0.25,-1.29,-0.31,-1.15,-0.12,-0.18,-0.68,-0.09
1913,3,-0.4,-0.67,-0.28,-0.52,-0.78,-0.33,-0.28,-0.41,-0.25,-0.79,-0.43,0.89,-1.88,-0.42,-0.74,0.03,-0.06
1913,4,-0.36,-0.47,-0.31,-0.49,-0.58,-0.42,-0.23,-0.21,-0.23,-0.56,-0.97,0.2,0,-0.24,-0.1,-0.41,-0.33
1913,5,-0.36,-0.56,-0.27,-0.47,-0.56,-0.4,-0.25,-0.57,-0.18,-0.32,-0.57,-0.6,-0.78,-0.23,-1.49,-0.51,-0.34
1913,6,-0.32,-0.38,-0.29,-0.48,-0.49,-0.47,-0.15,-0.15,-0.16,-0.3,-0.68,-0.71,-0.31,-0.28,-1.19,-0.37,0.39
1913,7,-0.26,-0.3,-0.25,-0.46,-0.5,-0.44,-0.06,0.15,-0.12,0.12,-0.55,-1.09,-0.88,0.58,-0.14,-0.49,-0.2
1913,8,-0.22,-0.02,-0.3,-0.4,-0.25,-0.51,-0.03,0.49,-0.15,0.03,-0.25,-0.65,-0.3,0.09,-0.29,-0.47,0.72
1913,9,-0.3,-0.18,-0.36,-0.37,-0.15,-0.53,-0.24,-0.23,-0.24,0.29,-0.2,-0.14,-0.87,-0.35,-0.7,-0.18,0.11
1913,10,-0.29,-0.42,-0.23,-0.48,-0.69,-0.32,-0.1,0.17,-0.16,-0.1,-0.43,-0.24,-1.56,-0.24,0.1,-1.23,0.27
1913,11,-0.2,-0.22,-0.18,-0.32,-0.38,-0.27,-0.07,0.15,-0.12,-0.42,-0.15,1.08,-0.07,0.14,-0.06,-1.87,0.2
1913,12,0,0.37,-0.16,0.04,0.39,-0.23,-0.03,0.31,-0.11,-0.27,1.09,0.23,0.03,-0.23,0.22,0.64,0.38
1914,1,-0.05,0.12,-0.13,-0.09,0.1,-0.22,-0.02,0.19,-0.07,0.38,1.34,-1.05,0.19,0.05,-0.1,-2.69,0.05
1914,2,-0.09,-0.04,-0.12,-0.15,-0.14,-0.16,-0.04,0.18,-0.09,-0.41,1.71,1.33,-2.62,-0.22,0.44,-0.74,0.13
1914,3,-0.22,-0.36,-0.15,-0.37,-0.53,-0.25,-0.06,0.05,-0.08,-0.03,-0.52,0.82,-0.67,-0.13,0.52,-1.89,-0.12
1914,4,-0.16,-0.21,-0.14,-0.29,-0.44,-0.18,-0.04,0.31,-0.12,-0.14,-0.58,0.51,-0.72,-0.41,0.59,-0.61,0.29
1914,5,-0.14,-0.08,-0.16,-0.2,-0.2,-0.2,-0.07,0.2,-0.13,0.19,-0.31,-0.48,-0.26,-0.12,0.1,-0.5,0.27
1914,6,-0.14,0.03,-0.22,-0.25,-0.16,-0.32,-0.03,0.46,-0.14,-0,0.04,-0.57,-0.41,0.47,-0.03,-0.37,0.35
1914,7,-0.22,-0.2,-0.22,-0.33,-0.32,-0.33,-0.1,0.06,-0.14,-0.2,-0.34,0.13,-0.46,0.76,-0.51,-0.54,-0.16
1914,8,-0.2,-0.33,-0.14,-0.29,-0.28,-0.3,-0.11,-0.45,-0.03,-0.36,-0.03,-0.5,-0.5,-0.52,0.45,-0.15,-0.6
1914,9,-0.19,-0.29,-0.15,-0.17,-0.22,-0.13,-0.22,-0.46,-0.16,-0.07,0,-0.79,-0.18,-0.32,-0.06,-0.52,-0.66
1914,10,-0.03,0,-0.05,-0,0.13,-0.11,-0.06,-0.28,-0,0.18,-0.31,-0.93,0.75,-0.19,0.5,0.61,-0.58
1914,11,0.02,0.16,-0.04,-0.06,0.01,-0.11,0.1,0.49,0.01,0.5,-0.5,-1.15,-0.06,-0.32,0.87,0.25,0.56
1914,12,-0.01,0.01,-0.02,0.04,0.08,0.01,-0.06,-0.13,-0.05,-0.42,0.5,0.86,-1.07,-0.08,0.53,1.91,-0.32
1915,1,-0.18,-0.32,-0.11,-0.18,-0.35,-0.05,-0.18,-0.26,-0.16,-0.18,-1.1,0.82,0.27,-0.02,-0.44,-0.84,-0.3
1915,2,-0.12,-0.03,-0.16,-0.13,-0.12,-0.13,-0.12,0.17,-0.19,-0.36,-0.58,0.27,0.75,0.18,0.71,-0.6,-0.06
1915,3,-0.01,-0.05,0,-0.08,-0.12,-0.06,0.06,0.09,0.05,0.6,-0.1,-1.24,-0.38,-0.11,0.39,-0.45,-0.02
1915,4,0.08,0.3,-0.02,0.04,0.21,-0.09,0.12,0.49,0.03,-0.04,-0.22,-0.52,1.71,0.51,0.22,0.37,0.31
1915,5,-0.01,0.11,-0.07,0.02,0.2,-0.13,-0.05,-0.1,-0.03,0.04,0.69,-0.51,0.04,0.72,-0.45,0.61,-0.47
1915,6,-0.08,-0.11,-0.06,-0.11,-0.21,-0.03,-0.05,0.11,-0.08,-0.21,0.22,-0.06,-0.8,-0.86,0.71,-0.31,0.48
1915,7,0.01,0.05,-0.01,-0.04,-0.12,0.03,0.05,0.43,-0.04,0.14,0.07,-0.2,-0.73,0.28,0.84,0.09,0.21
1915,8,-0.03,-0.09,-0.01,-0.08,-0.22,0.02,0.02,0.22,-0.03,0.09,-0.36,-0.87,-0.13,0.53,-0.03,-0.45,0.04
1915,9,-0.08,-0.17,-0.04,-0.17,-0.35,-0.03,0,0.23,-0.05,-0.2,-0.33,-1.13,-0.16,-0.52,0.52,-0.51,0.4
1915,10,-0.17,-0.3,-0.12,-0.31,-0.55,-0.13,-0.04,0.27,-0.11,0.05,-1.2,-1.22,0.4,-0.09,-0.06,-0.88,0.4
1915,11,-0.02,0.06,-0.06,-0.01,-0.04,0.02,-0.04,0.28,-0.11,0.29,0.19,-1.17,0.93,-0.55,0.36,-1.15,0.46
1915,12,-0.23,-0.47,-0.12,-0.36,-0.64,-0.16,-0.1,-0.08,-0.1,-0.43,-0.55,-0.03,1.02,-0.5,0.07,-3.14,0.11
1916,1,-0.15,-0.15,-0.15,-0.16,-0.14,-0.18,-0.14,-0.18,-0.13,-0.94,0.54,1.37,-1.49,-0.47,0.14,0.27,-0.02
1916,2,-0.21,-0.26,-0.19,-0.23,-0.34,-0.15,-0.19,-0.08,-0.21,-0.01,-0.55,0.55,-0.71,-0.54,0.21,0.01,-0.09
1916,3,-0.25,-0.28,-0.23,-0.29,-0.32,-0.26,-0.21,-0.19,-0.21,0.32,-1.01,0.12,-0.52,-0.69,0.07,0.08,-0.06
1916,4,-0.16,-0.16,-0.16,-0.2,-0.27,-0.15,-0.12,0.08,-0.17,-0.01,-0.38,0.06,0.03,0.03,-0.83,-0.54,0.25
1916,5,-0.2,-0.15,-0.23,-0.27,-0.24,-0.29,-0.13,0.07,-0.18,-0.51,-0.51,-0.21,0.21,-0.15,0.32,-0.3,0.2
1916,6,-0.23,-0.24,-0.23,-0.36,-0.46,-0.28,-0.11,0.26,-0.2,-0.25,-0.56,-0.54,-0.36,-1.46,0.44,-0.4,1.02
1916,7,-0.3,-0.29,-0.3,-0.28,-0.26,-0.29,-0.32,-0.36,-0.31,-0.25,-0.29,-0.03,-0.12,-0.82,-0.28,-0.53,-0.03
1916,8,-0.23,-0.13,-0.27,-0.4,-0.43,-0.38,-0.05,0.56,-0.19,-0.8,-0.12,-0.69,-0.2,-0.62,0.25,-0.68,1.19
1916,9,-0.26,-0.29,-0.25,-0.39,-0.39,-0.39,-0.13,-0.07,-0.14,-0.47,-0.4,-1.1,-0.29,0.28,0.21,-0.1,-0.39
1916,10,-0.32,-0.31,-0.32,-0.35,-0.31,-0.39,-0.28,-0.31,-0.28,-0.48,-0.08,-0.57,-0.28,-0.18,-0.64,0.34,-0.31
1916,11,-0.49,-0.83,-0.34,-0.62,-0.96,-0.36,-0.37,-0.54,-0.33,-0.44,-1.08,0.65,-0.48,-0.3,-1.32,-1.51,-0.17
1916,12,-0.64,-1.4,-0.3,-1,-1.8,-0.4,-0.28,-0.5,-0.22,-0.22,-2.41,0.79,-1.53,-1.14,-0.79,-3.42,0.16
1917,1,-0.49,-0.47,-0.5,-0.56,-0.57,-0.56,-0.42,-0.24,-0.46,0.05,-0.51,-0.68,-1.08,-0.94,-0.65,-0.92,0.34
1917,2,-0.59,-0.94,-0.43,-0.7,-1.01,-0.47,-0.47,-0.77,-0.4,-0.37,-0.36,-2.38,-1.61,-0.86,-1.64,-1.35,-0.04
1917,3,-0.66,-1.05,-0.49,-0.78,-1.11,-0.53,-0.55,-0.93,-0.46,-1.18,-1.08,-1.85,-0.65,-1.09,-0.75,-0.75,-0.46
1917,4,-0.41,-0.68,-0.3,-0.58,-0.84,-0.39,-0.25,-0.3,-0.23,-0.73,-0.14,-1.02,-1.34,-0.82,-0.84,-1.12,0.31
1917,5,-0.51,-0.85,-0.36,-0.6,-0.75,-0.48,-0.42,-1.09,-0.27,-0.52,-0.14,-0.66,-1.9,-1.63,-1.2,-0.59,-0.3
1917,6,-0.35,-0.48,-0.29,-0.32,-0.29,-0.34,-0.39,-0.92,-0.26,-0.6,-0.18,0.82,-0.87,-1.1,-0.82,0.33,-0.56
1917,7,-0.14,-0.04,-0.18,-0.25,-0.16,-0.32,-0.02,0.21,-0.08,-0.38,-0.07,-0.26,0.05,-0.82,0.48,0.02,0.65
1917,8,-0.25,-0.36,-0.2,-0.31,-0.37,-0.26,-0.18,-0.34,-0.15,-0.46,-0.28,0.52,-0.42,-0.84,-0.46,-0.48,0.23
1917,9,-0.22,-0.33,-0.16,-0.32,-0.32,-0.31,-0.11,-0.35,-0.06,-0.77,0,0.29,-0.03,-0.63,-0.17,-0.5,-0.06
1917,10,-0.43,-0.86,-0.23,-0.65,-1.09,-0.32,-0.21,-0.36,-0.17,-0.8,-0.54,-0.18,-1.8,-0.91,-0.4,-1.54,0.01
1917,11,-0.39,-0.45,-0.36,-0.37,-0.34,-0.4,-0.4,-0.68,-0.34,-0.74,-0.24,0.49,0.46,-1.14,-0.93,-1.29,0.01
1917,12,-0.6,-1.21,-0.32,-0.91,-1.7,-0.31,-0.28,-0.1,-0.33,-0.54,-0.82,-1.46,-4.21,-0.78,-0.18,-2.03,0.35
1918,1,-0.5,-1.08,-0.24,-0.68,-1.22,-0.26,-0.32,-0.76,-0.22,-0.86,0.05,-0.04,-2.16,-1.1,-0.58,-2.88,-0.27
1918,2,-0.49,-0.9,-0.31,-0.63,-0.97,-0.38,-0.35,-0.74,-0.26,-0.95,-0.27,0.37,-2.02,-1.06,-0.81,-1.77,-0.3
1918,3,-0.34,-0.55,-0.25,-0.36,-0.4,-0.33,-0.32,-0.91,-0.18,-0.67,-0.06,-0.13,-0.45,-0.86,-1.13,-0.87,-0.47
1918,4,-0.48,-0.82,-0.32,-0.54,-0.89,-0.28,-0.41,-0.68,-0.35,-0.73,-0.79,0.33,-1.55,-0.65,-0.58,-1.17,-0.45
1918,5,-0.4,-0.73,-0.25,-0.57,-0.97,-0.26,-0.23,-0.17,-0.25,-0.72,-0.94,-0.48,-1.17,-0.81,-0.12,-1.57,0.23
1918,6,-0.4,-0.61,-0.3,-0.48,-0.68,-0.33,-0.31,-0.44,-0.28,-0.57,-0.41,-1.21,-0.85,-0.74,0.16,-1.24,-0.3
1918,7,-0.24,-0.34,-0.2,-0.3,-0.42,-0.22,-0.18,-0.16,-0.18,-0.21,-0.33,-0.36,-0.88,-0.61,-0.88,-0.52,0.35
1918,8,-0.34,-0.43,-0.3,-0.37,-0.48,-0.28,-0.31,-0.29,-0.31,-0.71,-0.29,-0.6,-0.6,-1.01,-0.23,-0.62,0.29
1918,9,-0.18,-0.17,-0.18,-0.2,-0.11,-0.27,-0.15,-0.31,-0.11,0.12,0.01,0.2,-0.58,-0.64,-0.23,0.14,-0.25
1918,10,-0.13,-0.12,-0.13,-0.2,-0.17,-0.21,-0.06,0.01,-0.07,-0.13,-0.01,0.44,-0.03,-0.76,-0.18,-0.69,0.32
1918,11,-0.18,-0.46,-0.06,-0.39,-0.69,-0.17,0.02,0.07,0.01,0.11,-0.62,-0.04,-0.5,-0.58,0.16,-1.27,0.23
1918,12,-0.24,-0.67,-0.04,-0.49,-1.04,-0.07,0.01,0.16,-0.02,-0.85,-2.4,0.55,0.34,-0.3,0.18,-0.71,0.27
1919,1,-0.08,-0.11,-0.07,-0.16,-0.19,-0.14,-0.01,0.08,-0.03,0.33,-2.31,0.91,1.45,-0.11,0.07,0.59,0.05
1919,2,-0.24,-0.65,-0.05,-0.41,-0.83,-0.1,-0.06,-0.23,-0.02,0.2,-1.09,-0.35,-0.55,-0.2,-0.12,-2.81,-0.16
1919,3,-0.29,-0.67,-0.12,-0.5,-0.91,-0.19,-0.07,-0.11,-0.06,0.44,-1.01,-0.4,-1.2,-0.17,-0.25,-2.14,-0.04
1919,4,-0.01,0.09,-0.05,-0.13,-0.24,-0.05,0.12,0.83,-0.05,0.45,0.28,-0.55,-0.26,0.17,0.42,-1.12,0.61
1919,5,-0.17,-0.13,-0.19,-0.28,-0.16,-0.37,-0.06,-0.05,-0.06,-0.56,-0.48,-1.23,0.25,0.35,-0.02,0.59,-0.23
1919,6,-0.21,-0.32,-0.17,-0.33,-0.43,-0.25,-0.1,-0.06,-0.11,-0.35,-0.48,-0.4,-0.16,-0.11,0.31,-0.61,-0.16
1919,7,-0.23,-0.13,-0.27,-0.23,-0.11,-0.32,-0.23,-0.19,-0.24,-0.17,-0.06,-0.84,0.12,-0.39,-0.27,0.02,-0.04
1919,8,-0.26,-0.26,-0.26,-0.23,-0,-0.4,-0.28,-0.84,-0.15,-0.43,0.2,-0.74,0.2,-0.99,-0.19,0.24,-0.55
1919,9,-0.13,-0.09,-0.15,-0.14,-0,-0.24,-0.13,-0.29,-0.09,-0.25,-0.08,0.47,0.04,-0.69,-0.34,0.34,0.03
1919,10,-0.25,-0.26,-0.25,-0.14,0.01,-0.25,-0.37,-0.88,-0.25,0.06,0.63,-0.7,-1.46,-0.48,-0.28,0.45,-1.01
1919,11,-0.26,-0.31,-0.24,-0.3,-0.36,-0.25,-0.23,-0.2,-0.24,-0.4,-0.29,-1.84,-0.83,-0.69,0.27,0.67,0.01
1919,12,-0.26,-0.37,-0.2,-0.46,-0.58,-0.37,-0.05,0.11,-0.08,-0.76,-0.58,-0.64,-0.83,-0.43,0.51,0.18,0.13
1920,1,-0.04,0.2,-0.14,-0,0.28,-0.22,-0.07,0.02,-0.09,0.13,1.24,0.63,-1.2,-0.13,-0.71,0.36,-0.01
1920,2,-0.21,-0.21,-0.21,-0.13,-0.16,-0.11,-0.29,-0.32,-0.28,-0.35,-1.25,0.39,1.06,-0.45,-0.13,1.81,-0.54
1920,3,-0.05,-0.03,-0.06,0.04,0.28,-0.13,-0.14,-0.72,-0.01,-0.89,1,1.49,-1.12,-0.45,-0.69,1.34,-0.61
1920,4,-0.26,-0.4,-0.19,-0.25,-0.29,-0.22,-0.26,-0.64,-0.17,-0.03,0.39,1.27,-1.9,-0.38,-0.67,-0.4,-0.64
1920,5,-0.11,-0.08,-0.12,-0.04,0.03,-0.1,-0.17,-0.33,-0.13,-0.29,0.24,0.99,-0.72,-0.44,-0.61,0.49,-0.12
1920,6,-0.16,-0.27,-0.11,-0.18,-0.21,-0.15,-0.14,-0.39,-0.08,-0.45,-0.05,-0.38,-0.46,-1.03,0.03,-0.05,0.13
1920,7,-0.22,-0.29,-0.19,-0.23,-0.27,-0.21,-0.21,-0.34,-0.18,-0.3,-0.06,0.27,-0.45,-0.9,-0.08,-0.54,0.01
1920,8,-0.21,-0.23,-0.2,-0.3,-0.24,-0.34,-0.11,-0.2,-0.09,-0.4,0.07,-0.34,-0.44,-0.9,-0.21,-0.31,0.28
1920,9,-0.16,-0.3,-0.1,-0.33,-0.44,-0.26,0.01,-0,0.01,-0.35,-0.43,-0.07,-0.03,-0.42,-0.19,-0.84,0.09
1920,10,-0.16,-0.31,-0.1,-0.27,-0.38,-0.18,-0.06,-0.13,-0.05,-0.07,-0.72,-1.48,0.14,-0.26,-0.1,-0.97,-0.08
1920,11,-0.24,-0.39,-0.17,-0.39,-0.53,-0.28,-0.08,-0.09,-0.08,-0.28,-0.54,-1.59,-0.69,-0.26,-0.03,0.04,-0.15
1920,12,-0.38,-0.79,-0.2,-0.58,-1.02,-0.24,-0.19,-0.26,-0.17,-0.54,-2.05,-0.67,0.08,-0.63,-0.55,-0.57,0.03
1921,1,-0.09,0.11,-0.18,-0.02,0.21,-0.19,-0.16,-0.13,-0.17,-0.68,0.93,1.58,0.1,-0.41,-0.31,-0.39,0
1921,2,-0.24,-0.31,-0.21,-0.2,-0.34,-0.1,-0.28,-0.25,-0.29,-0.33,0.24,-0.48,-0.04,-0.62,-0.09,-1.08,-0.29
1921,3,-0.23,-0.3,-0.2,-0.26,-0.32,-0.2,-0.21,-0.25,-0.2,-0.45,-0.02,0.94,-0.31,-0.71,-0.67,-0.7,-0.02
1921,4,-0.22,-0.25,-0.21,-0.19,-0.23,-0.16,-0.26,-0.3,-0.24,-0.28,0.03,0.49,-0.46,-0.53,-0.34,-0.38,-0.27
1921,5,-0.17,0.01,-0.24,-0.21,-0.1,-0.28,-0.13,0.27,-0.22,-0.48,-0.39,1.02,0.08,0.01,0.72,0.13,0.14
1921,6,-0.13,0,-0.19,-0.08,0.09,-0.21,-0.18,-0.2,-0.17,-0.23,0.25,-0.41,0.52,-1.16,0.55,0.3,0.03
1921,7,-0.1,0.04,-0.17,-0.07,0.07,-0.18,-0.13,-0.04,-0.15,-0.22,0.21,-0.01,0.24,-1.07,0.26,-0.17,0.49
1921,8,-0.19,-0.18,-0.2,-0.26,-0.28,-0.24,-0.12,0.05,-0.16,-0.38,-0.16,0.11,-0.42,-0.43,-0.59,-0.5,0.49
1921,9,-0.18,-0.24,-0.15,-0.22,-0.3,-0.16,-0.14,-0.11,-0.15,-0.22,-0.19,-0.57,-0.03,-0.68,-0.02,-0.66,0.11
1921,10,-0.1,-0.1,-0.11,-0.07,-0,-0.12,-0.14,-0.32,-0.1,-0.12,-0.27,0.15,0.15,-0.86,-0.56,0.16,0.04
1921,11,-0.09,-0.01,-0.13,-0.01,0.13,-0.12,-0.17,-0.32,-0.13,-0.38,0.18,-1.77,-0.43,-0.61,0.4,1.78,-0.28
1921,12,-0.1,-0.11,-0.1,-0.11,-0.17,-0.06,-0.1,0.03,-0.13,-0.21,-0.53,-0.58,0.6,-0.38,-0.08,-0.7,0.17
1922,1,-0.24,-0.17,-0.28,-0.17,-0.08,-0.24,-0.32,-0.37,-0.3,0.08,-0.94,-0.93,0.03,-0.59,-0.27,1.45,-0.42
1922,2,-0.38,-0.9,-0.14,-0.59,-1.19,-0.13,-0.17,-0.26,-0.15,-0.3,-1.15,-0.72,-2.07,-0.46,0.17,-2.38,-0.38
1922,3,-0.15,-0.17,-0.15,-0.12,-0.12,-0.12,-0.19,-0.28,-0.17,0.12,0.36,0.31,-0.96,-0.52,-0.29,-0.23,-0.32
1922,4,-0.15,0.04,-0.23,-0.12,-0.06,-0.16,-0.18,0.26,-0.28,0.4,0.04,-0.72,-0.25,-0.54,0.64,-0.69,0.33
1922,5,-0.3,-0.3,-0.31,-0.22,-0.22,-0.22,-0.39,-0.48,-0.36,-0.41,-0.01,0.39,-0.12,-0.67,-0.4,-0.47,-0.29
1922,6,-0.27,-0.18,-0.32,-0.27,-0.17,-0.34,-0.28,-0.19,-0.3,-0.03,0.09,0.09,-0.67,-0.7,-0.33,-0.31,0.07
1922,7,-0.25,-0.27,-0.25,-0.27,-0.22,-0.31,-0.24,-0.4,-0.2,-0.22,0.13,-0.19,-0.86,-0.01,-1.05,-0.29,-0.32
1922,8,-0.32,-0.37,-0.29,-0.3,-0.26,-0.34,-0.33,-0.62,-0.26,-0.44,-0.11,-0.42,-0.12,-0.58,-0.72,-0.19,-0.63
1922,9,-0.25,-0.25,-0.25,-0.35,-0.4,-0.31,-0.16,0.07,-0.21,-0.27,-0.56,-0.94,0.2,-0.47,-0.19,-0.58,0.29
1922,10,-0.26,-0.34,-0.22,-0.37,-0.42,-0.33,-0.15,-0.16,-0.15,-0.1,-0.41,-1.23,-0.36,-1.01,0.07,-0.87,0.26
1922,11,-0.05,0.28,-0.2,-0.03,0.18,-0.19,-0.07,0.51,-0.21,0.07,-0.15,-0.84,0.24,-0.77,0.38,0.71,0.91
1922,12,-0.09,0.11,-0.18,0.02,0.34,-0.22,-0.2,-0.4,-0.16,-0.5,1.03,-0.27,-0.71,-0.65,-0.42,1.78,-0.33
1923,1,-0.24,-0.27,-0.23,-0.25,-0.31,-0.21,-0.23,-0.19,-0.24,-0.35,-0.24,1.11,-0.51,-0.73,-0.29,-0.77,0.07
1923,2,-0.28,-0.31,-0.26,-0.37,-0.55,-0.24,-0.18,0.22,-0.28,-0.55,-0.56,-0.46,-1.12,-0.32,0.76,0.64,0.17
1923,3,-0.36,-0.55,-0.28,-0.51,-0.78,-0.31,-0.21,-0.04,-0.25,-0.3,0.19,0.45,-2.51,-0.28,0.49,-1.83,-0.08
1923,4,-0.28,-0.51,-0.17,-0.42,-0.7,-0.21,-0.13,-0.09,-0.14,-0.58,-1.12,-1.07,-0.43,-0.56,0.42,-0.41,-0.04
1923,5,-0.26,-0.29,-0.24,-0.3,-0.41,-0.21,-0.22,-0,-0.27,-0.36,-0.81,0.06,-0.09,-1.15,0.36,-0.61,0.43
1923,6,-0.16,-0.06,-0.21,-0.15,-0.06,-0.21,-0.18,-0.05,-0.2,-0.1,0.09,-1.78,0.22,-0.27,-0.4,-0.12,0.1
1923,7,-0.32,-0.45,-0.26,-0.29,-0.3,-0.28,-0.34,-0.78,-0.24,-0.57,-0.32,-0.01,-0.04,-1.03,-0.53,-0.14,-0.46
1923,8,-0.33,-0.43,-0.28,-0.27,-0.18,-0.33,-0.39,-1.01,-0.24,-0.51,0.19,-0.79,-0.48,-0.81,-0.92,0.23,-0.84
1923,9,-0.27,-0.37,-0.23,-0.21,-0.26,-0.17,-0.33,-0.61,-0.27,-0.29,-0.08,-0.03,-0.1,-0.53,-0.81,-0.39,-0.49
1923,10,-0.17,-0.06,-0.21,-0.01,0.24,-0.19,-0.33,-0.73,-0.23,-0.38,0.27,0.89,0.16,-0.91,-0.59,1.27,-0.46
1923,11,0.01,0.2,-0.07,0.17,0.39,0,-0.15,-0.21,-0.13,0,-0.12,0.72,1.25,-0.56,-0.48,0.73,-0.08
1923,12,-0.01,0.03,-0.03,-0.04,-0.06,-0.02,0.01,0.21,-0.04,-0.38,0.31,-0.27,0.54,-0.6,-0.01,-0.47,0.47
1924,1,-0.19,-0.28,-0.16,-0.2,-0.28,-0.14,-0.19,-0.28,-0.17,0.14,-0.25,-1.17,-1.02,-0.36,-0.68,-0.22,-0.25
1924,2,-0.18,-0.23,-0.16,-0.2,-0.27,-0.15,-0.17,-0.15,-0.17,0.19,-0.75,-1.44,0.23,-0.25,-0.56,-0.5,0.08
1924,3,-0.09,0.08,-0.17,0.03,0.19,-0.1,-0.21,-0.17,-0.21,0.57,-0.18,-0.97,0.75,-0.34,-0.45,1.04,-0.06
1924,4,-0.19,-0.34,-0.12,-0.15,-0.23,-0.08,-0.23,-0.59,-0.14,0.22,-0.22,-0.78,-0.73,-0.36,-1.2,-0.76,-0.31
1924,5,-0.15,-0.18,-0.14,-0.05,-0.02,-0.08,-0.25,-0.54,-0.19,0.21,-0.25,0.6,-0.28,-0.88,0.12,0.54,-0.5
1924,6,-0.19,-0.15,-0.21,-0.09,-0.06,-0.12,-0.28,-0.35,-0.26,0.25,-0.25,0.21,-0.08,-0.55,-0.32,-0.24,-0.4
1924,7,-0.29,-0.34,-0.26,-0.21,-0.19,-0.23,-0.36,-0.69,-0.28,-0.29,0.07,-0.29,-0.5,-0.84,0.33,-0.18,-0.79
1924,8,-0.28,-0.37,-0.24,-0.17,-0.05,-0.26,-0.38,-1.08,-0.22,-0.4,0.1,-0.55,0.03,-1.18,-0.09,0.2,-0.95
1924,9,-0.26,-0.17,-0.31,-0.2,-0.12,-0.26,-0.33,-0.27,-0.34,-0.21,0.2,0.73,-0.6,-1.12,0.18,-0.25,0.13
1924,10,-0.25,-0.18,-0.29,-0.21,-0.12,-0.28,-0.29,-0.32,-0.29,-0.24,-0.32,0.34,0.4,-0.96,-0.37,-0.11,0.18
1924,11,-0.2,0.17,-0.36,-0.01,0.43,-0.34,-0.39,-0.43,-0.37,-0.81,1.08,-0.31,0.1,-0.81,-0.58,1.84,0.04
1924,12,-0.3,-0.16,-0.36,-0.22,-0.03,-0.37,-0.37,-0.46,-0.35,-0.31,0.86,0.05,-2.2,-0.5,-0.78,1.07,-0.14
1925,1,-0.42,-0.5,-0.38,-0.37,-0.44,-0.31,-0.47,-0.64,-0.43,-1.4,1.06,1.43,-2.32,-0.7,-1.08,-0.21,-0.2
1925,2,-0.3,-0.35,-0.28,-0.34,-0.38,-0.3,-0.27,-0.3,-0.26,-0.74,-0.9,2.05,-0.19,-0.54,-0.42,-0.25,-0.16
1925,3,-0.23,-0.14,-0.27,-0.07,0.09,-0.2,-0.39,-0.65,-0.33,-0.13,-0.05,-0.48,0.1,-0.49,-0.36,-0.31,-0.77
1925,4,-0.15,0.13,-0.28,-0.08,0.15,-0.25,-0.23,0.09,-0.31,-0.08,-0.44,0.1,0.91,-0.28,-0.33,0.55,0.13
1925,5,-0.21,-0.15,-0.23,-0.2,-0.24,-0.17,-0.21,0.05,-0.27,-0.12,-0.57,0.27,-0.1,-0.55,-0.3,-0.28,0.37
1925,6,-0.22,-0.33,-0.17,-0.21,-0.29,-0.15,-0.23,-0.4,-0.19,-0.2,-0.55,-0.81,0.13,-0.81,-0.32,-0.39,-0.14
1925,7,-0.2,-0.32,-0.14,-0.18,-0.22,-0.14,-0.22,-0.54,-0.14,0.1,-0.49,0.07,-0.13,-0.93,-0.83,-0.42,-0.12
1925,8,-0.19,-0.33,-0.12,-0.15,-0.16,-0.13,-0.22,-0.7,-0.11,-0.06,-0.17,-0.2,-0.14,-0.03,-0.81,-0.4,-0.91
1925,9,-0.21,-0.32,-0.16,-0.02,0.09,-0.11,-0.39,-1.25,-0.19,-0.07,0.18,-0.68,0.13,-0.65,-1.32,-0.01,-1.12
1925,10,-0.12,-0.11,-0.13,-0.01,0.05,-0.07,-0.23,-0.48,-0.17,0.18,0.7,-0.64,-1.63,-0.74,-0.54,0.57,-0.19
1925,11,-0.03,-0,-0.04,0.03,0.04,0.02,-0.08,-0.1,-0.08,0.13,0.63,-0.53,-0.17,-0.08,0.17,-0.68,-0.14
1925,12,0.04,0.26,-0.06,0.17,0.37,0.03,-0.1,0.03,-0.13,0.2,0.83,-0.97,1.04,0.03,0.43,-0.34,-0.14
1926,1,0.15,0.62,-0.06,0.41,0.83,0.09,-0.1,0.15,-0.15,0.32,1.18,-0.1,1.3,0.06,-0.37,1.1,0.19
1926,2,0,0.32,-0.14,0.12,0.22,0.05,-0.12,0.56,-0.27,0.28,-0.04,0.91,1.25,0.07,0.88,-0.62,0.2
1926,3,0.13,0.57,-0.07,0.29,0.71,-0.02,-0.03,0.24,-0.1,-0,1.59,-0.14,-0.04,0.32,-0.03,1.8,0.1
1926,4,-0.01,0.15,-0.09,0.04,0.06,0.02,-0.06,0.36,-0.16,0.32,-0.66,0.45,-0.09,-0.14,0.2,0.97,0.42
1926,5,-0.21,-0.45,-0.1,-0.22,-0.47,-0.03,-0.2,-0.42,-0.14,-0.21,-0.93,-0.5,0.17,-0.57,-1.01,-0.84,-0.01
1926,6,-0.12,-0.21,-0.08,-0.13,-0.23,-0.05,-0.11,-0.15,-0.1,0.09,-0.4,-0.54,-0.22,0.02,-0.49,-0.38,-0.2
1926,7,-0.23,-0.33,-0.19,-0.23,-0.38,-0.12,-0.24,-0.22,-0.24,-0.41,-0.53,-0.25,-0.33,-0.76,0.29,-0.47,0.16
1926,8,-0.14,-0.23,-0.1,-0.05,-0.04,-0.06,-0.23,-0.66,-0.12,-0.28,0.2,-0.76,-0.17,-0.2,0.04,0.16,-0.85
1926,9,-0.12,-0.12,-0.12,-0.06,-0.13,-0.01,-0.18,-0.11,-0.19,-0,-0.02,0.02,-0.63,0.05,-0.01,-0.02,-0.27
1926,10,0.02,0.3,-0.11,0.14,0.34,-0.01,-0.1,0.22,-0.18,0.01,0.12,-0.36,0.87,-0.25,0.31,1.13,0.29
1926,11,-0.09,0.07,-0.16,0.04,0.12,-0.03,-0.21,-0.03,-0.25,-0.02,0.28,1.8,-0.47,0.01,0.26,0.4,-0.21
1926,12,-0.24,-0.47,-0.13,-0.28,-0.61,-0.02,-0.2,-0.15,-0.21,-0.26,-0.47,-0.3,-0.81,-0.63,-0.52,-0.91,0.16
1927,1,-0.25,-0.43,-0.16,-0.27,-0.58,-0.03,-0.22,-0.09,-0.26,0.05,-1.75,0.25,0.59,-0.03,-0.16,-0.87,-0.34
1927,2,-0.12,-0.08,-0.14,-0.09,-0.11,-0.08,-0.15,-0.02,-0.18,-0.37,-0.52,-0.57,0.79,-0.18,-0.59,0.81,-0.07
1927,3,-0.36,-0.64,-0.24,-0.48,-0.99,-0.09,-0.25,0.14,-0.34,-0.51,-1.85,1.1,0.33,-0.06,-0.01,-1.51,0.08
1927,4,-0.29,-0.46,-0.2,-0.25,-0.39,-0.13,-0.32,-0.62,-0.25,-0.29,-0.28,-0.14,-0.51,-0.28,-0.75,-0.61,-0.7
1927,5,-0.2,-0.23,-0.19,-0.11,-0.03,-0.16,-0.29,-0.67,-0.2,-0.02,0.11,-0.69,-0.58,-0.77,-0.73,0.34,-0.33
1927,6,-0.16,-0.03,-0.21,-0.14,-0.1,-0.17,-0.17,0.15,-0.24,-0.11,-0.05,-0,-0.4,-0.85,0.09,-0.1,0.6
1927,7,-0.16,-0.15,-0.16,-0.11,-0.07,-0.15,-0.21,-0.35,-0.17,0.13,-0.03,0.53,-0.29,-0.7,-0.38,-0.48,-0.18
1927,8,-0.04,0.07,-0.1,-0.1,-0.18,-0.04,0.01,0.64,-0.13,-0.21,-0.09,0.47,-0.6,-0.32,-0.1,0.03,1.15
1927,9,-0.1,0.14,-0.2,0.04,0.33,-0.17,-0.23,-0.28,-0.22,0.24,0.5,0.29,0.24,-0.68,-0,0.56,-0.27
1927,10,0.02,0.3,-0.11,0.24,0.52,0.02,-0.2,-0.19,-0.21,0.34,0.64,-0.05,0.54,-0.38,0.1,0.67,-0.25
1927,11,-0.04,0.13,-0.12,0.06,0.07,0.06,-0.14,0.28,-0.24,0.41,0.16,-0.48,-0.88,0.18,0.26,-0.02,0.15
1927,12,-0.31,-0.57,-0.2,-0.3,-0.67,-0.02,-0.33,-0.32,-0.33,0.68,-0.47,-1.98,-1.91,-0.36,-0.34,-0.76,-0.35
1928,1,-0.07,0.07,-0.14,0.13,0.25,0.03,-0.27,-0.34,-0.26,0.25,-0.43,0.3,1.3,-0.48,-0.35,0.58,-0.4
1928,2,-0.11,0.07,-0.18,0.06,0.26,-0.09,-0.27,-0.36,-0.25,-0.58,0.15,-0.12,1.05,-0.42,-0.25,1.51,-0.53
1928,3,-0.21,-0.23,-0.2,-0.16,-0.24,-0.09,-0.26,-0.19,-0.28,0.37,-1.09,-1.14,0.62,-0.53,0.2,0.16,-0.29
1928,4,-0.22,-0.22,-0.23,-0.27,-0.45,-0.14,-0.17,0.32,-0.29,0.2,-0.31,0.13,-1.39,0.05,0.69,-0.68,0.05
1928,5,-0.2,-0.1,-0.24,-0.12,-0,-0.2,-0.28,-0.31,-0.27,0.12,-0.14,-0.96,0.47,-0.31,-0.49,-0.44,-0.14
1928,6,-0.18,-0.06,-0.23,-0.24,-0.26,-0.23,-0.11,0.41,-0.23,-0.04,-0.32,-1.07,-0.23,-0.53,-0.57,-0.12,0.98
1928,7,-0.18,-0.25,-0.15,-0.12,-0.12,-0.12,-0.25,-0.55,-0.18,-0.21,-0.21,0.26,0.03,-0.39,-0.03,-0.12,-0.56
1928,8,-0.22,-0.24,-0.21,-0.2,-0.19,-0.21,-0.24,-0.35,-0.21,-0.27,-0.05,-0.23,-0.37,-1.06,0.82,-0.01,-0.2
1928,9,-0.11,0.16,-0.23,-0.08,0.05,-0.19,-0.13,0.4,-0.26,0.26,-0.15,0.02,-0.08,-0.66,0.79,0.43,0.58
1928,10,-0.16,-0.09,-0.19,-0.14,-0.1,-0.16,-0.18,-0.07,-0.2,0.08,-0.09,-0.4,0.21,-0.6,0.13,-0.17,0.01
1928,11,-0.07,0.2,-0.19,0,0.27,-0.2,-0.14,0.03,-0.18,0.13,-0.14,1.13,1.02,-0.01,0.41,0.58,-0.25
1928,12,-0.11,0.24,-0.27,-0.03,0.24,-0.24,-0.2,0.24,-0.3,-0.32,-0.19,-0.37,1.78,-0.54,0.39,1.45,0.42
1929,1,-0.35,-0.44,-0.31,-0.48,-0.77,-0.26,-0.22,0.31,-0.35,-0.21,-1.92,-1.75,0.13,-0.16,0.04,0.49,0.49
1929,2,-0.43,-0.66,-0.32,-0.54,-0.89,-0.28,-0.32,-0.14,-0.36,0.06,-2.09,-4.6,-0.8,-0.34,0.54,1.35,-0.33
1929,3,-0.27,-0.26,-0.27,-0.25,-0.32,-0.2,-0.28,-0.12,-0.32,-0.18,0.19,-1.46,0.12,-0.54,-0.62,-1.28,0.32
1929,4,-0.36,-0.54,-0.28,-0.36,-0.53,-0.23,-0.37,-0.57,-0.32,-0.44,-0.1,-2.26,-0.23,-0.11,-0.94,-1.17,-0.44
1929,5,-0.33,-0.4,-0.3,-0.3,-0.44,-0.2,-0.35,-0.32,-0.36,0.03,-0.36,0.52,-0.87,-0.74,-0.74,-0.95,0.12
1929,6,-0.36,-0.62,-0.24,-0.34,-0.5,-0.23,-0.38,-0.9,-0.25,-0.21,-0.51,-0.52,-0.5,-0.75,-0.71,-0.54,-0.9
1929,7,-0.39,-0.6,-0.3,-0.32,-0.42,-0.26,-0.46,-1.01,-0.33,-0.47,-0.36,-0.44,-0.34,-0.47,-1.19,-0.56,-0.92
1929,8,-0.17,-0.18,-0.17,-0.12,-0.15,-0.1,-0.22,-0.24,-0.21,-0.47,-0.22,0.41,0.2,-0.72,-0.16,-0.2,0.17
1929,9,-0.2,-0.19,-0.21,-0.13,-0.15,-0.11,-0.27,-0.28,-0.27,0.11,-0.34,0.11,-0.39,-0.19,-0.72,0.04,-0.24
1929,10,-0.15,-0.02,-0.22,-0.04,0.05,-0.11,-0.27,-0.19,-0.29,-0.35,0.02,0.63,0.48,-0.31,-0.29,0.68,-0.2
1929,11,-0.13,-0.14,-0.13,-0.14,-0.23,-0.08,-0.12,0.06,-0.16,-0.09,0.13,1.13,-0.85,-0.12,0.08,-0.15,-0.08
1929,12,-0.45,-0.88,-0.26,-0.54,-1.1,-0.12,-0.36,-0.39,-0.35,-0.67,-2.6,1.51,-0.79,-0.36,-0.57,0.24,-0.3
1930,1,-0.25,-0.33,-0.21,-0.17,-0.35,-0.03,-0.33,-0.28,-0.34,-0.73,-0.43,1.8,-1.56,-0.22,-0.24,2.31,-0.25
1930,2,-0.21,-0.15,-0.23,-0.11,-0.14,-0.08,-0.31,-0.18,-0.34,0.06,-0.97,0.09,0.74,-0.28,0.19,-1,-0.32
1930,3,-0.14,-0.02,-0.2,0.03,0.19,-0.09,-0.31,-0.49,-0.27,-0.24,0.97,0.78,-0.08,-0.16,-0.22,-0.47,-0.56
1930,4,-0.13,-0.01,-0.18,-0.03,-0,-0.06,-0.22,-0.03,-0.27,-0.45,-0.83,0.49,0.82,-0.25,-0.29,0.31,0.2
1930,5,-0.15,-0.16,-0.15,-0.17,-0.21,-0.14,-0.14,-0.04,-0.16,-0.44,-0.22,-0.12,-0.2,-0.19,-0.16,-0.27,0.13
1930,6,-0.13,-0.05,-0.17,-0.09,-0.04,-0.13,-0.18,-0.06,-0.21,-0.4,-0.35,0.38,0.26,0.57,-0.01,0.29,-0.32
1930,7,-0.05,0.15,-0.14,-0.02,0.1,-0.1,-0.09,0.25,-0.17,0.05,-0.03,-0.1,0.35,-0.26,0.43,-0.05,0.34
1930,8,-0.14,-0.07,-0.17,0.03,0.17,-0.08,-0.3,-0.61,-0.23,-0.26,0.17,0.14,0.51,-0.48,-0.15,0.18,-0.51
1930,9,-0.13,-0.31,-0.04,-0.03,-0.23,0.12,-0.22,-0.5,-0.16,-0.31,-0.51,-0.2,0.29,-0.09,-0.18,-0.16,-0.55
1930,10,-0.08,-0.25,-0.01,-0.02,-0.23,0.13,-0.14,-0.3,-0.1,-0.21,-0.14,0.28,-0.59,-0.47,-0.11,-0.42,-0.1
1930,11,0.18,0.51,0.03,0.4,0.69,0.19,-0.04,0.08,-0.07,-0.13,0.79,0.96,0.46,-0.5,0.1,2.01,0.22
1930,12,-0.01,0.12,-0.06,0.13,0.2,0.08,-0.15,-0.07,-0.16,0.58,-1.11,0.12,1.3,0.08,-0.43,0.77,-0.07
1931,1,-0.02,0.06,-0.05,0.06,0.04,0.08,-0.1,0.1,-0.15,0.44,-1.61,0.12,2.15,0.16,-0.44,-0.17,0.14
1931,2,-0.15,-0.38,-0.05,-0.22,-0.55,0.03,-0.08,0.03,-0.11,0.41,-2.96,-0.76,2.34,0.25,0.12,0.42,-0.43
1931,3,-0.08,-0.1,-0.07,-0.02,-0.11,0.06,-0.15,-0.07,-0.16,0.52,0.03,-1.15,-0.7,0.14,-0.18,-0.71,-0.18
1931,4,-0.15,-0.2,-0.12,-0.14,-0.24,-0.06,-0.16,-0.13,-0.16,0.34,-0.99,-1.19,0.31,0,-0.45,-0.51,-0.11
1931,5,-0.14,-0.23,-0.1,-0.1,-0.21,-0.01,-0.18,-0.26,-0.17,0.42,-0.65,0.69,-0.33,-1.09,-0.09,-0.05,-0.04
1931,6,-0.02,0.05,-0.05,0.13,0.24,0.04,-0.17,-0.39,-0.11,0,0.14,0.05,0.76,-0.69,0.06,0.03,-0.09
1931,7,-0.02,0.16,-0.09,0.12,0.36,-0.06,-0.16,-0.31,-0.12,0.28,0.18,0.34,0.68,-0.22,-0,0.33,-0.33
1931,8,0.01,0.2,-0.08,0.13,0.28,0.02,-0.11,0.02,-0.14,0.59,0.43,-0.42,0.06,-0.47,-0.15,0.19,0.2
1931,9,0.01,0.27,-0.1,0.19,0.44,-0,-0.16,-0.12,-0.17,0.18,0.56,-1.53,1.12,-0.64,-0.02,0.51,0.15
1931,10,0.01,0.37,-0.15,0.29,0.73,-0.05,-0.26,-0.43,-0.22,0.19,0.99,-0.67,1.04,0.16,-0.93,1.19,-0.48
1931,11,-0.01,0.31,-0.15,0.23,0.63,-0.06,-0.26,-0.42,-0.22,0.01,0.22,-0.06,1.01,-0.54,-0.92,2.01,-0.02
1931,12,-0.02,0.32,-0.17,0.1,0.4,-0.13,-0.14,0.14,-0.2,0.1,0.11,-0.8,0.87,0,-0,1.2,0.09
1932,1,0.12,0.7,-0.14,0.32,0.84,-0.07,-0.08,0.39,-0.19,-0.12,2.13,1.04,0.04,-0.26,0.83,0.46,0.13
1932,2,-0.2,-0.37,-0.12,-0.21,-0.35,-0.1,-0.19,-0.41,-0.14,-0.09,-0.18,-1.89,-0.59,-0.25,-0.23,-0.07,-0.6
1932,3,-0.09,-0.09,-0.09,-0.06,-0.05,-0.06,-0.12,-0.17,-0.11,0.2,-0.11,-1.84,-0.85,-0.31,-0.01,0.94,-0.11
1932,4,-0.04,0.32,-0.2,0.1,0.4,-0.13,-0.18,0.13,-0.25,0.27,0.66,-0.51,0.33,0.17,-0.55,0.62,0.07
1932,5,-0.12,-0.03,-0.16,-0.04,0.06,-0.12,-0.19,-0.25,-0.18,-0.2,-0.34,-0.11,0.73,-0.55,0.11,0.6,-0.14
1932,6,-0.12,0.06,-0.2,-0.04,0.07,-0.13,-0.19,0.06,-0.24,-0.04,-0.05,-0.66,0.43,-0.09,-0.49,-0.02,0.29
1932,7,-0.15,-0.12,-0.16,-0.07,0.08,-0.17,-0.23,-0.56,-0.16,-0.42,0.26,0.16,-0.04,0.37,-0.61,0.31,-0.69
1932,8,-0.26,-0.34,-0.22,-0.04,0.09,-0.14,-0.47,-1.3,-0.27,-0.41,-0.02,0.52,0.64,-0.47,-0.32,0.51,-1.54
1932,9,-0,0.27,-0.13,0.14,0.39,-0.06,-0.14,-0.02,-0.17,-0.12,0.68,0.89,0.25,0.04,-0.37,0.84,0.02
1932,10,-0.07,0.25,-0.22,0.1,0.35,-0.1,-0.24,0.03,-0.31,0.4,0.71,0.6,-0.6,-0.02,-0.49,0.52,0.17
1932,11,-0.23,-0.35,-0.18,-0.26,-0.46,-0.11,-0.21,-0.11,-0.24,0.26,-0.23,0.17,-1.33,0.14,-0.06,-1.43,-0.36
1932,12,-0.15,-0.14,-0.16,-0.16,-0.23,-0.11,-0.15,0.06,-0.2,-0.04,-0.32,1.06,-1.2,-0.01,-0.22,0,0.02
1933,1,-0.13,-0.08,-0.15,-0.1,-0.14,-0.07,-0.17,0.03,-0.22,0.2,-1.55,-0.84,0.37,-0.16,-0.13,1.22,0.02
1933,2,-0.27,-0.49,-0.17,-0.32,-0.61,-0.1,-0.22,-0.22,-0.22,0.55,-1.5,-0.27,-1.55,-0.39,0.03,-0.23,-0.48
1933,3,-0.2,-0.21,-0.2,-0.23,-0.41,-0.09,-0.18,0.25,-0.28,0.09,-1.33,-0.09,0.22,-0.41,0.39,-0.08,0.25
1933,4,-0.18,-0.21,-0.16,-0.13,-0.22,-0.06,-0.23,-0.19,-0.24,-0.1,-0.37,-1,-0.25,-0.07,-0.1,0.15,-0.33
1933,5,-0.22,-0.19,-0.22,-0.27,-0.39,-0.18,-0.16,0.24,-0.25,-0.03,-0.64,-0.74,-0.04,-0.07,-0.06,-0.62,0.28
1933,6,-0.21,-0.22,-0.2,-0.24,-0.3,-0.19,-0.18,-0.06,-0.21,0,-0.64,-0.85,0.2,-0.87,0.05,-0.7,0.29
1933,7,-0.26,-0.25,-0.27,-0.1,0.02,-0.2,-0.42,-0.88,-0.31,-0.03,-0.01,0.02,0.19,-0.97,-0.31,0.08,-0.81
1933,8,-0.2,-0.22,-0.19,-0.13,-0.04,-0.19,-0.27,-0.62,-0.18,-0.21,-0.02,-0.12,0.18,-0.08,-0.74,-0,-0.69
1933,9,-0.34,-0.42,-0.3,-0.28,-0.32,-0.26,-0.39,-0.66,-0.33,-0.46,-0.46,-0.31,0.37,-0.23,-0.39,-0.61,-0.72
1933,10,-0.2,-0.07,-0.26,-0.18,-0.17,-0.18,-0.22,0.17,-0.31,-0.11,-0.1,0.21,-0.38,-0.17,-0.14,0.22,0.26
1933,11,-0.28,-0.28,-0.28,-0.22,-0.19,-0.24,-0.35,-0.47,-0.32,0.22,-0.03,-0.15,-0.59,-0.48,-0.72,-0.81,-0.21
1933,12,-0.38,-0.43,-0.35,-0.4,-0.53,-0.3,-0.35,-0.2,-0.39,0.11,-0.29,-2.34,-2.08,-0.3,-0.63,-0.73,-0.02
1934,1,-0.24,-0.23,-0.24,-0.29,-0.33,-0.26,-0.18,-0.01,-0.22,-0.74,-0.59,0.42,0.2,-0.43,0.1,0.47,0.11
1934,2,-0.07,0.44,-0.29,0.2,0.77,-0.23,-0.33,-0.32,-0.34,-0.85,2.04,0.16,0.18,-0.96,0.08,2.13,-0.14
1934,3,-0.24,-0.22,-0.25,-0.26,-0.27,-0.25,-0.22,-0.1,-0.24,-0.68,-0.84,0.88,-0.29,-0.41,0.13,0.78,-0.04
1934,4,-0.21,-0.38,-0.13,-0.29,-0.47,-0.15,-0.14,-0.18,-0.13,0.11,-1.48,0.82,0.85,-0.8,-0.37,-0.64,0.05
1934,5,-0.06,0.26,-0.2,0.03,0.28,-0.16,-0.14,0.23,-0.23,-0.05,0.17,0.9,0.61,-0.33,0.08,0.39,0.19
1934,6,-0.1,-0.09,-0.1,-0.05,-0.09,-0.02,-0.15,-0.1,-0.16,0.18,-0.24,-0.06,0.17,0.07,-0.25,-0.22,-0.43
1934,7,-0.11,-0.05,-0.14,0.01,0.05,-0.02,-0.24,-0.28,-0.23,0.42,-0.26,0.46,0.36,-0.23,-0.17,0.13,-0.58
1934,8,-0.11,-0.05,-0.13,-0.06,0.01,-0.11,-0.15,-0.17,-0.15,0.39,-0.13,0.07,-0.2,-0.01,-0.29,-0.01,-0.34
1934,9,-0.07,-0.05,-0.07,-0.11,-0.25,-0.01,-0.02,0.42,-0.12,0.05,-0.74,0.99,-0.59,-0.2,0.14,0.05,0.68
1934,10,-0.02,0.21,-0.13,0.1,0.42,-0.14,-0.14,-0.25,-0.12,0.28,-0.06,0.73,0.59,-0.6,-0.43,1.02,0.02
1934,11,0.06,0.41,-0.09,0.28,0.73,-0.07,-0.15,-0.29,-0.11,0.1,0.25,0.73,0.96,-0.44,-0.53,1.95,-0.09
1934,12,-0.04,0.25,-0.17,0.18,0.51,-0.07,-0.26,-0.36,-0.23,0.22,0.52,1.2,0.15,-0.23,-0.18,1.06,-0.49
1935,1,-0.25,-0.47,-0.16,-0.35,-0.66,-0.12,-0.15,-0.05,-0.18,0.04,-0.74,-0.86,-1.11,-0.19,-0.11,-0.67,-0.17
1935,2,0.15,0.82,-0.14,0.44,1.15,-0.09,-0.13,0.06,-0.18,-0.6,2.26,0.51,1.02,-0.08,0.05,1.41,0.15
1935,3,-0.14,0.03,-0.21,0.01,0.15,-0.1,-0.29,-0.25,-0.29,-0.09,0.33,-0.46,-0.32,0.18,-0.07,0.15,-0.45
1935,4,-0.32,-0.71,-0.15,-0.35,-0.72,-0.08,-0.29,-0.71,-0.2,-0.54,-1.14,-0.07,-0.39,-0.55,-0.64,-0.7,-0.49
1935,5,-0.23,-0.35,-0.17,-0.26,-0.46,-0.11,-0.2,-0.11,-0.22,-0.19,-0.14,-1.08,-0.84,-0.11,-0.63,-0.4,-0.02
1935,6,-0.23,-0.36,-0.16,-0.11,-0.15,-0.08,-0.34,-0.85,-0.22,-0.29,-0.17,0.62,-0.17,0.08,-0.81,-0.06,-1.05
1935,7,-0.09,0.11,-0.18,-0.08,0.02,-0.15,-0.1,0.31,-0.19,-0.15,-0.14,-0.22,0.55,-0.15,-0.27,0.1,0.59
1935,8,-0.09,0.04,-0.15,0.01,0.17,-0.12,-0.19,-0.27,-0.18,-0.28,0.35,-0.1,0.02,-0.37,0.15,0.11,-0.02
1935,9,-0.07,0.08,-0.14,-0.08,0.01,-0.15,-0.06,0.25,-0.13,-0.08,0.13,0.25,-0.01,-0.65,-0.25,0.01,0.83
1935,10,-0.04,0.02,-0.07,0.04,0.12,-0.02,-0.13,-0.2,-0.11,-0.05,0.44,0.86,-0.52,-0.56,-0.05,-0.23,-0.07
1935,11,-0.16,-0.35,-0.07,-0.31,-0.67,-0.04,0,0.38,-0.09,-0.22,-1.36,0.17,-1.34,-0.01,0.22,0.6,0.43
1935,12,-0.09,-0.08,-0.1,-0.08,-0.19,0,-0.1,0.17,-0.17,0.32,-1.22,0.82,-0.13,0.12,0.06,1.06,0.19
1936,1,-0.28,-0.6,-0.14,-0.36,-0.79,-0.03,-0.2,-0.17,-0.21,-0.06,-1.46,2.31,-1.18,-0.18,0.26,-0.96,-0.34
1936,2,-0.25,-0.62,-0.08,-0.41,-0.93,-0.01,-0.09,0.1,-0.13,0.65,-0.62,-0.18,-3.68,-0.35,0.1,-1.05,0.27
1936,3,-0.18,-0.31,-0.12,-0.24,-0.62,0.05,-0.12,0.39,-0.23,0.03,-1.45,0.96,0.45,-0.01,-0.18,-1.16,0.66
1936,4,-0.11,-0.11,-0.11,0.04,0.04,0.05,-0.26,-0.45,-0.22,-0,-0.36,-0.03,-0.45,0.18,-0.56,1.36,-0.57
1936,5,-0.13,-0.08,-0.15,-0.04,-0.06,-0.02,-0.22,-0.12,-0.24,-0.22,-0.2,0.14,0.37,0.36,-0.22,-0.02,-0.32
1936,6,-0.12,-0.06,-0.15,0.01,0.04,-0.01,-0.26,-0.31,-0.25,-0.28,-0.18,0.25,0.37,0.11,-0.77,0.45,-0.4
1936,7,-0.01,0.28,-0.14,0.1,0.29,-0.05,-0.12,0.25,-0.21,-0.22,0.14,0.8,1,-0.13,0.17,0.59,0.36
1936,8,0.04,0.23,-0.05,0.04,0.05,0.03,0.04,0.65,-0.1,-0.16,-0.15,-0.03,0.47,-0.75,0.82,0.38,1.1
1936,9,-0.08,-0.02,-0.11,0.05,0.05,0.06,-0.21,-0.16,-0.22,-0.5,0.27,-0.37,0.04,0.03,-0.19,0.43,-0.09
1936,10,0.03,0.21,-0.05,0.1,0.27,-0.03,-0.04,0.08,-0.07,0.09,0.81,-1.37,-0.68,0.14,0.15,0.57,-0.03
1936,11,-0.03,0.13,-0.1,0.04,0.18,-0.07,-0.1,0.02,-0.13,0.27,0.37,0.44,-0.52,-0.05,0.1,0.36,-0.02
1936,12,0,0.26,-0.11,0.13,0.31,-0.01,-0.12,0.15,-0.18,-0.18,1.13,0.73,-0.8,0.17,-0.02,0.44,0.14
1937,1,-0.05,0.09,-0.11,0.04,0.17,-0.06,-0.13,-0.11,-0.14,-0.28,0,-0.48,-0.83,-0.25,-0.7,3.35,0.07
1937,2,0.06,0.17,0.01,0.15,0.24,0.08,-0.03,0.02,-0.04,0.06,0.75,0.59,-0.6,0.26,-0.14,0.53,0.01
1937,3,-0.17,-0.47,-0.03,-0.21,-0.62,0.11,-0.12,-0.11,-0.13,0.16,-1.71,0.53,0.2,0.01,-0.07,-0.53,-0.15
1937,4,-0.15,-0.35,-0.05,-0.05,-0.2,0.06,-0.24,-0.69,-0.14,-0.04,-0.89,0.46,0.15,-0.26,-0.73,0.19,-0.7
1937,5,-0.04,0.08,-0.09,0.14,0.28,0.04,-0.22,-0.37,-0.18,-0.04,-0.02,1.15,0.62,-0.67,0.16,0.55,-0.36
1937,6,-0.02,0.04,-0.05,0.13,0.19,0.07,-0.17,-0.29,-0.15,-0.16,0.06,0.63,0.52,0.26,-0.44,0.57,-0.48
1937,7,-0,-0.03,0.01,0.16,0.18,0.14,-0.16,-0.49,-0.08,-0.14,0.03,0.57,0.4,0.03,-0.46,0.24,-0.52
1937,8,0.06,0.16,0.02,0.13,0.15,0.12,-0.01,0.18,-0.06,0.03,-0.06,0.76,0.3,0.29,-0.01,-0.07,0.11
1937,9,0.12,0.36,0.02,0.3,0.48,0.15,-0.05,0.06,-0.08,0.28,0.48,0.95,0.45,-0.07,-0.14,0.45,0.24
1937,10,0.11,0.34,0,0.29,0.52,0.11,-0.07,-0.07,-0.07,0.22,0.63,0.6,0.3,-0.44,0.45,0.95,-0.02
1937,11,0.1,0.37,-0.02,0.25,0.41,0.13,-0.05,0.27,-0.13,0.28,-0.25,0.62,0.24,0.07,0.53,2.13,0.02
1937,12,-0.06,-0.06,-0.06,0.04,-0.04,0.11,-0.17,-0.11,-0.18,-0.13,-0.68,-0.16,-0.5,-0.05,0.25,1.16,-0.19
1938,1,0.04,0.25,-0.06,0.17,0.36,0.02,-0.09,0.01,-0.12,-0.07,0.25,0.5,0.3,-0.27,-0.2,1.19,0.15
1938,2,0.05,0.36,-0.08,0.23,0.48,0.04,-0.12,0.08,-0.17,-0.23,0.51,0.82,-0.24,-0.03,-0.39,1.23,0.3
1938,3,0.11,0.45,-0.05,0.24,0.48,0.06,-0.03,0.37,-0.12,-0.86,0.54,1.37,1.01,-0.32,0.63,1.09,0.48
1938,4,0.09,0.52,-0.11,0.32,0.84,-0.08,-0.15,-0.2,-0.13,0.29,1.6,-0.77,-0.05,-0.42,0.39,1.39,-0.37
1938,5,-0.06,0.13,-0.15,0.06,0.15,-0,-0.18,0.09,-0.25,0.03,0.34,-0.7,0.28,0.01,0.77,0.22,-0.29
1938,6,-0.15,-0.27,-0.1,-0.06,-0.11,-0.03,-0.24,-0.66,-0.14,-0.21,-0.36,0.33,0.22,-0.13,0.06,0.22,-1.08
1938,7,-0.02,0.19,-0.12,0,0.13,-0.1,-0.05,0.31,-0.13,-0.2,0.17,0.73,0.2,0,-0.15,0.3,0.42
1938,8,-0.02,0.11,-0.09,0.08,0.26,-0.05,-0.13,-0.23,-0.11,-0.08,0.33,0.9,0.2,-0.48,-0.3,0.27,0.02
1938,9,0.07,0.38,-0.07,0.2,0.51,-0.04,-0.05,0.09,-0.09,-0.14,0.26,0.45,1.24,0.06,0.22,1.1,0.02
1938,10,0.11,0.43,-0.03,0.21,0.54,-0.04,0.01,0.17,-0.03,-0.22,0.02,0.85,1.47,-0.22,0.57,0.96,0.09
1938,11,0.09,0.54,-0.11,0.24,0.75,-0.14,-0.06,0.06,-0.09,-0.53,1.01,1.66,-0.15,0.03,0.57,2.39,0.05
1938,12,-0.13,0.09,-0.23,-0.06,0.13,-0.2,-0.21,0,-0.26,0.06,-1.51,-0.36,1.51,-0.18,0.67,1.71,-0.16
1939,1,-0.03,0.24,-0.14,-0.06,0.11,-0.18,0,0.54,-0.12,0.12,-0.7,1.47,1.6,-0.07,0.45,-0.66,0.79
1939,2,-0.05,0.08,-0.11,-0.04,0.07,-0.13,-0.06,0.08,-0.09,-0.47,1.42,1.58,-2.48,-0.36,-0.28,0.53,0.52
1939,3,-0.22,-0.45,-0.12,-0.27,-0.39,-0.18,-0.18,-0.58,-0.08,-0.51,-0.04,-0.69,-0.85,-0.5,-0.37,-0.1,-0.31
1939,4,-0.14,-0.2,-0.11,-0.15,-0.16,-0.13,-0.12,-0.29,-0.09,-0.8,-0.35,0.38,0.56,-0.6,0,0.29,-0.02
1939,5,-0.03,0.19,-0.13,0.01,0.1,-0.05,-0.07,0.4,-0.19,-0.1,0.09,-0.53,0.71,0.3,0.44,-0.03,0.17
1939,6,-0.01,0.1,-0.06,0.01,0.12,-0.07,-0.03,0.05,-0.05,-0.32,0.47,0.11,-0.03,0.6,-0.22,0.26,-0.22
1939,7,0.08,0.23,0.01,0.08,0.16,0.02,0.08,0.38,0.01,0.11,0.04,0.2,0.37,0.03,-0.62,-0.23,0.79
1939,8,0.07,0.28,-0.03,0.07,0.18,-0.01,0.07,0.51,-0.04,0.01,0.2,0.64,0.19,0.4,-0.7,0.07,0.81
1939,9,0.07,-0.02,0.11,0.2,0.16,0.23,-0.06,-0.43,0.03,0.12,0.01,-0.15,0.38,-0.33,-0.63,0.08,-0.16
1939,10,-0.03,-0.13,0.02,0.05,-0.02,0.1,-0.11,-0.37,-0.05,0.32,-0.12,-0.77,-0.52,-0.09,-0.69,0.3,-0.33
1939,11,0.11,0.19,0.07,0.23,0.43,0.09,-0.02,-0.34,0.06,-0.12,0.44,0.53,0.52,-0.27,-0.68,0.81,-0.02
1939,12,0.44,1.23,0.09,0.78,1.73,0.06,0.1,0.09,0.1,0.66,1.89,-0.69,3.16,0.02,-0.26,2.21,0.11
1940,1,0.09,0.07,0.1,0.12,0.08,0.16,0.06,0.04,0.07,0.34,-1.32,-3.25,0.93,-0.14,-0.04,2.28,0.11
1940,2,0.2,0.24,0.18,0.18,0.33,0.06,0.22,0.02,0.26,0.14,0.24,-2.09,1.27,-0.07,-0.5,1.07,0.29
1940,3,0.08,0.08,0.08,0.14,0.18,0.11,0.02,-0.15,0.06,-0.24,0.14,-1.61,0.81,-0.08,0.41,0.64,-0.14
1940,4,0.26,0.46,0.17,0.3,0.56,0.11,0.22,0.23,0.22,-0.05,0.69,-0.4,0.83,0.28,-0.44,1.46,0.45
1940,5,0.19,0.15,0.21,0.23,0.27,0.2,0.15,-0.12,0.22,0.26,-0.39,-0.38,0.6,0.51,-0.84,0.99,-0.21
1940,6,0.05,-0.03,0.09,0.1,0.07,0.12,0.01,-0.26,0.07,0.06,0.21,-0.01,-0.22,0.45,0.04,0.06,-0.77
1940,7,0.08,0.03,0.11,0.14,0.15,0.13,0.03,-0.27,0.1,-0.01,0.25,-0.34,0.21,0.73,-0.18,0.11,-0.71
1940,8,0.08,-0.12,0.17,0.11,-0.02,0.2,0.05,-0.36,0.15,0.08,0,-0.81,0.01,-0.08,0.03,0.19,-0.62
1940,9,0.17,0.12,0.2,0.25,0.3,0.21,0.1,-0.28,0.19,0.16,0,-0.31,0.92,0.01,0.15,0.44,-0.57
1940,10,0.19,0.26,0.16,0.27,0.31,0.25,0.11,0.15,0.1,0.34,-0.41,-0.42,0.9,-0.41,0.73,0.31,0.29
1940,11,0.18,0.13,0.21,0.31,0.24,0.36,0.06,-0.14,0.11,-0.18,0.53,0.93,-0.81,-0.1,-0.37,0.9,-0.06
1940,12,0.3,0.52,0.2,0.36,0.49,0.27,0.24,0.59,0.15,0.1,0.47,-1.58,1.28,0.52,0.5,0.16,0.29
1941,1,0.14,-0.12,0.25,0.19,0.02,0.32,0.09,-0.43,0.21,0.65,-0.26,-2.16,1.07,0.37,-0.98,-1.02,-0.57
1941,2,0.28,0.36,0.25,0.41,0.47,0.37,0.15,0.1,0.16,0.56,-0.39,0.23,1.77,0.22,-0.06,0.35,0.14
1941,3,0.11,-0.08,0.2,0.13,-0.06,0.27,0.09,-0.12,0.14,0.61,-0.31,-0.53,0.34,0.1,-0.7,-1.19,-0
1941,4,0.25,0.18,0.27,0.12,-0.14,0.32,0.37,0.92,0.24,0.48,-0.48,-0.78,0.94,0.37,0.37,-1.12,0.81
1941,5,0.18,0.19,0.18,0.21,0.11,0.28,0.15,0.35,0.1,0.31,0.04,-1.46,0.7,0.32,-0.02,0.02,0.2
1941,6,0.2,0.17,0.21,0.2,0.2,0.21,0.19,0.11,0.21,0.15,0.37,-0.52,0.39,0,-0.18,0.13,0.09
1941,7,0.22,0.22,0.22,0.26,0.24,0.28,0.18,0.17,0.18,0.4,0.02,0.67,0.42,0.35,0.23,0.22,-0.12
1941,8,0.2,0.27,0.17,0.22,0.21,0.22,0.19,0.41,0.14,0.53,0.18,-0.62,0.1,0.58,-0.48,0.38,0.36
1941,9,0.1,-0.09,0.18,0.11,-0.16,0.33,0.08,0.09,0.07,0.03,0.03,-1.07,-0.4,-0.69,-0.01,-0.08,0.49
1941,10,0.33,0.21,0.39,0.45,0.36,0.52,0.22,-0.14,0.3,0.32,0.71,-1.2,0.3,0.61,-0.29,0.59,-0.68
1941,11,0.2,-0.12,0.34,0.17,-0.24,0.49,0.22,0.16,0.23,0.35,-0.53,-1.63,0.16,0.15,0.19,-0.61,-0.03
1941,12,0.34,0.14,0.42,0.38,0.16,0.54,0.3,0.1,0.34,0.07,-0.64,-1.45,1.45,0.44,0.2,0.1,-0.2
1942,1,0.31,0.6,0.18,0.38,0.77,0.08,0.23,0.19,0.24,0.16,0.43,-4.23,1.94,0.46,0.05,2.83,-0.11
1942,2,-0.03,-0.34,0.1,-0.06,-0.43,0.22,-0,-0.13,0.03,0.65,-1.23,-2.43,0.15,0.45,-0.57,0.3,-0.42
1942,3,0.09,-0.13,0.19,0.05,-0.16,0.21,0.13,-0.07,0.17,0.23,-0.62,-2.1,1.55,-0.11,0.22,-1.41,-0.18
1942,4,0.07,-0.02,0.11,0.09,-0.04,0.18,0.05,0.02,0.05,0.52,-0.62,-0.57,0.79,0.2,0.03,-0.45,-0.21
1942,5,0.11,-0.06,0.19,0.19,0.05,0.29,0.04,-0.31,0.12,0.03,-0.21,-0.11,0.47,-0.25,0.91,0.4,-0.53
1942,6,0.1,0.14,0.08,0.12,0.24,0.03,0.08,-0.07,0.11,0.39,0.4,-0.22,0.07,-0.93,0.63,0.15,0.02
1942,7,-0.01,-0.13,0.05,0.1,0.04,0.15,-0.11,-0.52,-0.02,0.01,0.13,-0.43,0.03,-0.93,0.19,0.08,-0.34
1942,8,0.04,0.08,0.02,-0.03,-0.21,0.11,0.11,0.74,-0.04,-0.19,-0.29,0.25,-0.03,0.14,0.72,-0.19,0.72
1942,9,0.08,0.23,0.02,0.1,0.09,0.11,0.06,0.54,-0.05,-0.04,0.15,0.73,-0.12,0.07,0.43,0.4,0.6
1942,10,0.03,0.18,-0.04,0.22,0.43,0.05,-0.15,-0.39,-0.1,-0.12,0.2,0.52,0.82,-0.17,-0.05,0.61,-0.26
1942,11,0.07,0.27,-0.02,0.19,0.32,0.08,-0.05,0.14,-0.09,0.34,0.72,-0.72,-0.1,0.29,-0.2,0.2,0.12
1942,12,0.08,0.13,0.05,0.19,0.4,0.03,-0.03,-0.46,0.07,0.13,1.05,0.21,-1.05,-0.05,-0.19,1.31,-0.58
1943,1,-0.06,-0.3,0.05,-0.2,-0.5,0.03,0.09,0.16,0.07,-0.02,-0.53,-1.1,-0.78,-0.02,-0.16,-0.02,0.27
1943,2,0.07,0.2,0.02,0.18,0.4,0.01,-0.03,-0.26,0.03,-0.51,0.57,1.11,0.69,0.02,-0.38,1.35,-0.3
1943,3,-0,-0.08,0.03,-0.1,-0.13,-0.07,0.09,0.05,0.11,-0.44,0.63,0.55,-1.61,-0.41,0.53,0.97,0.1
1943,4,0.16,0.36,0.07,0.36,0.72,0.08,-0.04,-0.45,0.06,-0.55,0.91,0.67,0.52,-0.55,-0.12,2.42,-0.38
1943,5,0.05,0.03,0.06,0.23,0.44,0.07,-0.13,-0.91,0.05,-0.43,1.13,-0.07,-0.3,0.06,-0.55,1.25,-1.17
1943,6,-0.08,-0.4,0.06,-0.02,-0.19,0.11,-0.15,-0.89,0.02,-0.52,-0.26,-0.09,-0.12,-0.14,-0.76,0.49,-0.95
1943,7,0.09,0.08,0.09,0.06,0.04,0.07,0.12,0.18,0.11,-0.19,0.08,-0.24,0.18,0.04,-0.18,0.02,0.32
1943,8,0.09,-0.06,0.16,0.13,0.07,0.18,0.04,-0.36,0.14,-0.4,0.21,0.5,0.31,-0.96,-0.56,0.03,0.22
1943,9,0.03,-0.04,0.05,0.12,0.1,0.13,-0.07,-0.35,-0,-0.32,0.3,0.53,-0.05,-0.36,-0.09,0.33,-0.23
1943,10,0.27,0.57,0.14,0.46,0.84,0.18,0.08,-0.04,0.11,0.39,0.51,0.99,0.95,0.24,0.11,2.02,-0.37
1943,11,0.19,0.31,0.13,0.36,0.62,0.16,0.02,-0.39,0.11,-0.06,-0.13,0.35,1.23,-0.07,-0.56,2.36,-0.35
1943,12,0.23,0.46,0.13,0.4,0.74,0.14,0.07,-0.17,0.12,0.34,0.84,0.68,1.01,-0.07,0.04,0.64,-0.23
1944,1,0.31,0.75,0.11,0.56,1.09,0.17,0.05,-0.01,0.06,-0.45,1.32,1.07,2.01,-0.15,0.29,1.91,-0.06
1944,2,0.28,0.54,0.16,0.43,0.76,0.18,0.13,0.05,0.15,-0.32,1.03,0.31,0.76,0.07,-0.52,1.85,0.21
1944,3,0.27,0.38,0.22,0.38,0.59,0.22,0.16,-0.09,0.22,-0.37,1.78,-0.61,-1.03,-0.32,-0.21,1.06,0.18
1944,4,0.16,-0,0.23,0.24,0.27,0.23,0.07,-0.62,0.23,-0.06,0.08,-0.21,0.7,-0.39,-0.66,0.94,-0.48
1944,5,0.19,0.13,0.21,0.23,0.19,0.27,0.14,0.01,0.17,-0.39,0.39,-0.64,0.45,-0.07,-0.93,0.34,0.44
1944,6,0.18,-0.01,0.26,0.18,0.02,0.3,0.18,-0.08,0.24,0.19,0.05,-0.47,0.09,0.39,-0.22,-0.26,-0.4
1944,7,0.12,-0.12,0.22,0.15,0.02,0.25,0.08,-0.44,0.2,0.12,0.17,-0.01,-0.12,0.2,-0.09,-0.33,-0.84
1944,8,0.14,-0.02,0.21,0.15,-0.04,0.29,0.12,0.03,0.15,0.19,-0.07,0.61,0.03,0.57,0.13,-0.14,-0.54
1944,9,0.27,0.43,0.19,0.31,0.35,0.27,0.23,0.62,0.14,-0.19,0.63,0.15,0.31,0.7,0.77,0.65,0.23
1944,10,0.24,0.43,0.16,0.43,0.58,0.32,0.05,0.1,0.04,0.27,0.26,0.47,0.75,0.58,0.08,1.39,-0.33
1944,11,0.14,0.32,0.05,0.16,0.16,0.17,0.11,0.7,-0.03,0.2,-0.65,0.24,0.35,0.04,0.71,1.36,0.73
1944,12,0.23,0.21,0.24,0.24,0.17,0.29,0.22,0.3,0.2,0.42,-1.3,-0.08,0.52,0.39,-0.18,2.99,0.23
1945,1,0.17,0.16,0.18,0.24,0.2,0.28,0.1,0.08,0.11,0.24,-0.97,-1.49,1.55,0.1,-0.13,1.96,0.06
1945,2,0.12,-0.25,0.29,-0.01,-0.35,0.25,0.24,-0.04,0.31,-0.43,-2.04,0.52,1.06,-0.09,-0.22,1.74,-0.11
1945,3,0.14,-0.09,0.25,0.07,-0.13,0.23,0.21,-0.02,0.27,-0.54,-1.14,0.16,2.1,0.12,-0.18,0.07,-0.11
1945,4,0.31,0.43,0.26,0.3,0.41,0.21,0.32,0.48,0.29,0.29,0.86,0.28,-1.13,0.4,0.02,1.11,0.34
1945,5,0.1,-0.07,0.18,0.14,-0.03,0.27,0.06,-0.17,0.11,-0.3,0.29,0.42,-0.92,-0.37,-0.11,0.37,0.11
1945,6,0.13,-0.04,0.2,0.14,-0.04,0.27,0.12,-0.05,0.16,-0.29,0.29,0.14,-0.71,-0.39,0.74,0.18,0.08
1945,7,0.01,-0.12,0.06,0.05,-0.1,0.16,-0.03,-0.15,-0.01,-0,-0.22,0.58,-0.29,-0.07,-0.31,-0.09,-0.08
1945,8,0.31,0.51,0.23,0.29,0.36,0.23,0.34,0.85,0.22,0.1,0.56,0.32,0.06,0.89,0.92,0.43,0.61
1945,9,0.13,0.07,0.17,0.21,0.12,0.29,0.06,-0.04,0.08,-0.03,0.48,0.24,-0.37,0.22,-0.08,0.03,-0.22
1945,10,0.15,0.07,0.19,0.3,0.39,0.23,0.01,-0.67,0.17,-0.2,0.68,-0.4,0.48,0.19,-0.71,1.02,-0.97
1945,11,0.09,-0.06,0.15,0.09,-0.06,0.21,0.09,-0.04,0.12,0.22,0.33,-0.07,-0.66,0.02,-0.39,-0.5,0.04
1945,12,-0.05,-0.44,0.12,-0.1,-0.58,0.26,-0,-0.11,0.02,-0.03,-0.97,-0.49,-1.01,-0.24,0.16,-0.54,-0.09
1946,1,0.25,0.38,0.19,0.31,0.5,0.16,0.19,0.09,0.22,0.39,0.56,-0.32,0.65,-0.06,0.06,0.28,0.15
1946,2,0.02,0.07,0,0.09,0.08,0.09,-0.04,0.04,-0.06,-0.1,1.18,0.33,-0.56,0.36,-0.65,-1.9,-0.02
1946,3,-0.03,-0.19,0.04,0.07,0,0.12,-0.13,-0.61,-0.02,-0.01,-1.11,-0.05,2.15,-0.21,-0.72,-0.14,-0.69
1946,4,0.06,0.11,0.04,0.18,0.4,0.01,-0.05,-0.54,0.06,-0.06,0.84,0.9,0.66,-0.03,-0.93,-0.3,-0.59
1946,5,-0.01,0.11,-0.06,0.03,0.01,0.04,-0.04,0.33,-0.13,0.05,-0.2,0.49,0.05,0.02,0.35,0.32,0.23
1946,6,-0.12,-0.13,-0.12,-0.05,-0.16,0.02,-0.19,-0.06,-0.22,-0.16,-0.19,0.34,-0.18,-0.28,-0.98,-0.42,0.42
1946,7,-0.02,-0.03,-0.01,-0.02,-0.01,-0.02,-0.02,-0.08,-0.01,-0.14,0.07,0.59,-0.1,-0.18,0.15,-0.17,-0.05
1946,8,-0.12,-0.12,-0.11,-0.03,-0.11,0.02,-0.2,-0.16,-0.2,-0.44,0.11,0.62,-0.15,0.01,-0.07,-0.26,-0.16
1946,9,0.07,-0.04,0.12,0.03,-0.14,0.16,0.12,0.19,0.1,-0.01,-0.36,1.06,-0.01,0.23,-0.29,-0.53,0.15
1946,10,-0.02,-0.2,0.06,-0,-0.12,0.09,-0.04,-0.4,0.05,-0.07,0.08,-1.35,0.01,-0.21,-0.66,-0.15,-0.37
1946,11,0.02,0.22,-0.08,0.08,0.17,0.01,-0.05,0.34,-0.14,0.36,0.11,0.12,-0.23,0.39,-0.06,0.32,0.34
1946,12,-0.16,-0.31,-0.1,-0.23,-0.55,0,-0.09,0.24,-0.16,-0.05,-1.58,-0.68,0.06,-0.01,0.03,0.12,0.3
1947,1,0.03,0.2,-0.05,0,0.07,-0.05,0.06,0.5,-0.05,0.06,-0.97,-1.79,0.6,0.23,0.67,1.32,0.25
1947,2,0,0.23,-0.1,0.05,0.16,-0.04,-0.04,0.39,-0.14,0.85,-0.8,-2.47,0.57,0.19,0.08,1.24,0.3
1947,3,0.04,0.33,-0.09,0.28,0.63,0.02,-0.2,-0.34,-0.17,0.33,0.61,-0.08,0.82,-0.07,-0.16,0.99,-0.37
1947,4,0.08,0.3,-0.01,0.22,0.45,0.06,-0.05,-0.04,-0.06,-0.01,1.13,0.88,-0.62,0.12,-0.64,0.73,-0.04
1947,5,-0,0.02,-0.01,0.05,0.04,0.06,-0.05,-0.05,-0.06,-0.19,0.21,0.61,-0.43,-0.11,0.23,0.33,-0.12
1947,6,-0.01,0.06,-0.05,0.02,-0.03,0.06,-0.05,0.27,-0.12,0.04,-0.13,1.07,-0.57,0.58,0.42,0.14,-0.09
1947,7,0.03,-0.01,0.05,-0.02,-0.09,0.04,0.08,0.17,0.06,-0.09,-0.3,0.82,-0.03,-0.62,0.34,-0.44,0.66
1947,8,-0.08,-0.11,-0.07,-0.09,-0.11,-0.08,-0.07,-0.13,-0.06,0.1,-0.15,0.58,-0.18,-0.39,-0.01,-0.53,0.02
1947,9,-0.08,0.04,-0.14,0.03,0.15,-0.06,-0.2,-0.21,-0.19,-0.07,0.24,1.01,0.01,-0.11,-0.46,0.02,-0.05
1947,10,0.03,0.49,-0.18,0.27,0.9,-0.2,-0.21,-0.44,-0.16,0.05,0.81,-0.62,1.63,-0.23,-0.78,2.02,-0.32
1947,11,0.03,0.25,-0.07,0.21,0.48,0,-0.15,-0.27,-0.12,0.17,0.43,0.55,0.38,-0.21,-0.55,1.36,-0.28
1947,12,-0.09,-0.07,-0.1,-0.01,0.08,-0.07,-0.17,-0.4,-0.12,0.11,-0.79,0.68,1.07,-0.3,-0.66,0.67,-0.22
1948,1,0.03,0.36,-0.12,0.22,0.61,-0.07,-0.16,-0.21,-0.14,-0.2,1.42,1.77,0.71,0.17,-0.64,-0,-0.18
1948,2,-0.07,0.03,-0.12,-0.06,-0.07,-0.05,-0.09,0.26,-0.17,0.15,0.44,0.22,-1.27,0.05,0.15,-0.05,0.16
1948,3,-0.13,-0.33,-0.04,-0.16,-0.31,-0.04,-0.1,-0.38,-0.04,-0.79,0.5,0.49,-1.57,-0.38,-0.57,0.04,-0.17
1948,4,-0.04,0.08,-0.1,0.02,0.1,-0.05,-0.1,0.04,-0.13,-0.21,0.67,0.88,-0.58,-0.02,-0.47,0.01,0.26
1948,5,0.14,0.41,0.02,0.19,0.36,0.06,0.09,0.53,-0.02,0.18,0.43,0.64,0.26,0.08,-0.41,0.78,0.76
1948,6,-0.06,-0.07,-0.06,0.14,0.15,0.13,-0.27,-0.57,-0.19,-0.24,0.33,0.09,0.41,0.32,-0.39,0.09,-0.92
1948,7,0,0.07,-0.02,0.1,0.05,0.14,-0.09,0.1,-0.14,-0.04,0.15,-0.56,0.25,0.12,-0.09,0.02,0.03
1948,8,0.02,0.01,0.03,0.17,0.06,0.26,-0.13,-0.11,-0.14,-0.11,0.2,-0.07,0.22,-0.46,0.07,-0.06,-0.01
1948,9,-0.08,0.03,-0.13,-0,0.09,-0.07,-0.15,-0.09,-0.16,-0.27,0.14,0.01,0.7,0.24,-0.24,0.04,-0.16
1948,10,0.02,0.22,-0.08,0.06,0.3,-0.12,-0.02,0.06,-0.04,-0.25,0.5,-0,0.42,0.07,0.01,0.9,0
1948,11,-0.03,0.11,-0.1,0.03,0.18,-0.08,-0.1,-0.04,-0.11,-0.46,0.58,-0.05,0.4,-0.01,-0.29,0.74,0.11
1948,12,-0.24,-0.54,-0.11,-0.34,-0.76,-0.03,-0.14,-0.02,-0.17,-0.2,0.01,-0.33,-0.92,0.06,-0.05,-2.25,-0.19
1949,1,0.1,0.32,0,0.2,0.36,0.09,-0,0.24,-0.06,0.09,1.68,1.21,-0.73,-0.17,-0.57,0.35,0.46
1949,2,-0.09,-0.29,0,-0.08,-0.32,0.11,-0.1,-0.22,-0.07,-0.7,0.59,0.73,-2.16,-0.31,-1.06,-0.41,0.07
1949,3,0.01,0.2,-0.07,0.11,0.35,-0.07,-0.09,-0.14,-0.07,-0.1,-0.44,-0.92,0.74,0,-0.64,2.21,0.03
1949,4,-0.04,-0.1,-0.01,-0.01,-0.02,-0,-0.07,-0.28,-0.02,-0.29,0.3,0.45,0.04,0.01,-0.95,-0.17,-0.18
1949,5,0.01,0.1,-0.03,0.03,0.06,0.01,-0.01,0.2,-0.05,0.15,0.41,0.54,-0.18,-0.19,-0.66,-0.59,0.55
1949,6,-0.13,-0.2,-0.09,-0.16,-0.28,-0.07,-0.1,-0.03,-0.11,0.2,-0.3,-0.48,-0.15,0.21,-1.13,-0.89,0.07
1949,7,-0.07,-0.15,-0.03,-0.11,-0.31,0.04,-0.03,0.2,-0.08,0.11,-0.38,-0.09,-0.18,-0.3,0.01,-0.86,0.22
1949,8,-0.03,-0.05,-0.02,0.03,-0.01,0.06,-0.09,-0.13,-0.08,0.02,0.04,-0.39,0.32,-0.2,0.05,-0.08,-0.3
1949,9,-0.13,-0.22,-0.09,-0.15,-0.18,-0.12,-0.11,-0.3,-0.07,-0.14,-0.21,0.89,-0.11,-0.22,-0.46,0.01,-0.32
1949,10,-0.05,0.06,-0.09,0.03,0.1,-0.03,-0.12,-0.05,-0.14,-0,0.48,0.47,-0.18,-0.6,-0.15,0.22,0.23
1949,11,-0.07,0,-0.11,0,0.08,-0.05,-0.15,-0.18,-0.15,0.39,-1.13,1.2,1.69,-0.06,-0.65,-0.02,-0.14
1949,12,-0.04,-0.05,-0.04,-0.01,-0.08,0.05,-0.07,0.04,-0.1,0.23,-1.11,1.33,-0.27,-0.3,-0.03,1.02,0.17
1950,1,-0.17,-0.36,-0.08,-0.22,-0.53,0.01,-0.11,0.04,-0.14,-0.12,-0.65,-2.15,-1.53,-0.45,-0.15,0.55,0.25
1950,2,-0.23,-0.39,-0.15,-0.3,-0.67,-0.02,-0.16,0.22,-0.24,-0.33,-0.72,0.77,-0.79,-0.18,-0.52,-0.93,0.41
1950,3,-0.02,0.02,-0.04,0.08,0.11,0.06,-0.12,-0.18,-0.11,-0.33,0.22,0.69,-0.29,-0.39,-0.5,0.92,-0.04
1950,4,-0.17,-0.3,-0.11,-0.17,-0.36,-0.03,-0.17,-0.19,-0.17,-0.19,-0.23,1.21,-1.22,-0.1,-0.29,-0.29,-0.17
1950,5,-0.01,0.09,-0.05,-0.03,-0.08,0.01,0.01,0.47,-0.09,-0.39,0.22,0.6,-0.24,0.11,0.38,-0.39,0.52
1950,6,-0.07,-0.08,-0.06,-0.07,-0.14,-0.02,-0.06,0.07,-0.08,0.04,-0.2,0.52,-0.23,0,-0.48,-0.1,0.16
1950,7,-0.05,-0.15,-0.01,-0.17,-0.37,-0.02,0.06,0.32,-0,-0.2,-0.42,0.34,-0.55,-0.11,-0,-0.45,0.45
1950,8,-0.11,-0.27,-0.04,-0.18,-0.35,-0.04,-0.05,-0.1,-0.03,-0.48,-0.33,0.26,-0.66,-0.06,-0.26,-0.1,-0.05
1950,9,-0.08,-0.08,-0.07,-0.07,-0.12,-0.03,-0.09,-0.01,-0.1,-0.16,-0.13,0.46,-0.03,-0.12,0.15,-0.16,-0.09
1950,10,-0.17,-0.23,-0.14,-0.05,-0.01,-0.08,-0.29,-0.72,-0.19,-0.48,0.01,-0.19,0.28,-0.48,-0.69,0.13,-0.43
1950,11,-0.28,-0.53,-0.18,-0.34,-0.61,-0.13,-0.23,-0.34,-0.21,-0.28,-1.56,0.42,-0.54,-0.18,-0.48,0.32,-0.21
1950,12,-0.19,-0.27,-0.15,-0.03,-0.13,0.04,-0.34,-0.6,-0.28,0.1,-0.74,0.36,0.91,-0.27,-0.43,0.23,-0.69
1951,1,-0.31,-0.69,-0.14,-0.37,-0.86,0,-0.25,-0.3,-0.23,-0.32,-1.14,0.36,-0.36,-0.39,-0.4,-1.56,-0.05
1951,2,-0.37,-0.9,-0.13,-0.49,-1.14,-0.01,-0.25,-0.36,-0.22,-0.19,-2.44,0.55,-0.3,-0.68,-0.22,-1.51,-0.16
1951,3,-0.12,-0.11,-0.13,-0.1,-0.28,0.04,-0.14,0.29,-0.24,0.4,-0.42,-0.09,-1.31,-0.08,0.59,-0.3,0.1
1951,4,-0.11,-0.19,-0.07,0.04,0.03,0.05,-0.26,-0.7,-0.16,-0.17,0.09,0.6,-0.23,-0.79,-0.6,0.37,-0.5
1951,5,0.04,0.16,-0.01,0.2,0.3,0.13,-0.12,-0.15,-0.11,-0.03,0.4,-0.58,0.51,0.12,-0.76,0.28,-0.1
1951,6,0.04,-0.08,0.1,0.08,-0.09,0.22,-0,-0.04,0.01,-0.16,-0.14,-0.05,-0.38,0.1,0.17,-0.06,-0.06
1951,7,0.02,-0.18,0.1,0.15,-0.01,0.27,-0.11,-0.56,-0.01,-0.12,-0,-0.2,0.12,0.34,-0.17,-0.22,-0.85
1951,8,0.14,0.09,0.16,0.3,0.22,0.35,-0.02,-0.23,0.02,0.11,0.22,0.7,0.18,0.09,-0.8,0.3,-0.09
1951,9,0.14,0.28,0.08,0.35,0.44,0.28,-0.06,-0.06,-0.06,0,0.68,0.79,0.14,0.19,0.2,0.96,-0.35
1951,10,0.16,0.28,0.11,0.32,0.33,0.31,0.01,0.16,-0.03,0.07,1.02,-0.83,-0.68,0.29,-0.16,0.9,0.01
1951,11,-0,-0.08,0.03,0.05,-0.16,0.22,-0.06,0.1,-0.1,-0.25,0.3,0.75,-0.53,0.2,0.3,-0.24,-0.03
1951,12,0.19,0.42,0.09,0.45,0.7,0.25,-0.06,-0.24,-0.02,-0.56,2.76,0.78,-1.32,-0.02,-0.03,0.73,-0.25
1952,1,0.14,0.29,0.07,0.19,0.25,0.15,0.09,0.39,0.02,0.15,0.63,0.9,-0.43,0.34,0.22,-0.44,0.3
1952,2,0.14,0.14,0.13,0.16,0.16,0.16,0.12,0.11,0.12,-0.2,-0.02,0.3,0.75,0.3,0.08,0.1,0.02
1952,3,-0.03,-0.31,0.1,-0.13,-0.52,0.16,0.08,0.18,0.05,0.24,-0.85,-1.55,-0.42,0.48,0.12,-0.59,-0.13
1952,4,0.1,0.11,0.09,0.15,0.15,0.16,0.04,0.02,0.05,-0.14,-0.34,1.1,0.88,-0.18,-0.23,0.27,0.1
1952,5,0.02,-0.05,0.05,0.2,0.2,0.2,-0.16,-0.64,-0.05,0.04,-0.14,-0.43,0.74,0.18,-0.17,0.26,-0.99
1952,6,0,-0.09,0.05,0.13,0.12,0.14,-0.12,-0.57,-0.02,0.19,-0,-0.1,0.42,-0.92,-0.14,-0.1,-0.4
1952,7,0.04,0.1,0.01,0.12,0.18,0.08,-0.05,-0.1,-0.04,0.08,0.37,0.32,0.05,0.23,-0.28,0.09,-0.2
1952,8,0.05,0.03,0.06,0.11,0.01,0.19,-0.01,0.09,-0.03,-0.05,0.1,0.63,0.07,0.2,-0.31,-0.19,-0.03
1952,9,0.07,0.08,0.07,0.18,0.27,0.11,-0.04,-0.37,0.04,-0.03,0.55,-0.42,0.16,-0.15,-0.05,0.23,-0.49
1952,10,0.03,-0.1,0.09,0.02,-0.18,0.18,0.04,0.09,0.03,0.23,-0.72,-0.11,-0.01,0.04,-0.22,-0.22,0.04
1952,11,-0.06,-0.33,0.07,-0.17,-0.46,0.04,0.06,-0.04,0.08,-0.27,-2.22,-0.54,1.22,-0.13,-0.55,0.48,0.28
1952,12,0.03,0.03,0.03,0.09,0.07,0.1,-0.03,-0.07,-0.02,0.13,-1.41,-0.12,2.16,0.18,-0.2,0.7,-0.27
1953,1,0.11,0.25,0.04,0.22,0.35,0.13,-0,0.04,-0.01,0.25,0.1,0.12,0.84,0.23,-0.6,0.11,-0.11
1953,2,0.2,0.45,0.09,0.34,0.64,0.11,0.06,0.03,0.07,0.24,0.33,-0.64,1.74,0.32,-1.12,0.69,0.04
1953,3,0.16,0.4,0.06,0.22,0.32,0.14,0.1,0.57,-0,-0.43,1.01,0,0.71,0.21,0.65,-0.18,0.39
1953,4,0.23,0.58,0.08,0.4,0.69,0.18,0.06,0.32,0,-0.03,0.66,0.54,0.72,-0.03,0.74,2.4,0.25
1953,5,0.17,0.25,0.13,0.29,0.46,0.17,0.04,-0.23,0.1,0.19,0.56,0.13,0.21,0.17,-0.41,1.13,-0.41
1953,6,0.13,0.21,0.09,0.26,0.36,0.18,-0.01,-0.15,0.02,-0.38,0.53,0.78,0.31,0.1,0.09,0.83,-0.23
1953,7,0.01,-0.14,0.08,0.23,0.25,0.21,-0.21,-1.04,-0.02,-0.3,0.5,0.45,0.19,-0.72,-0.07,0.49,-1.02
1953,8,0.02,0.02,0.02,0.21,0.23,0.19,-0.17,-0.48,-0.1,-0.31,0.27,0.16,0.53,0.9,-0.76,0.54,-0.87
1953,9,0.01,-0.05,0.04,0.2,0.2,0.19,-0.17,-0.63,-0.06,-0.46,0.27,0.1,0.41,0.87,-0.37,0.32,-1.11
1953,10,0.08,0.21,0.03,0.23,0.39,0.11,-0.06,-0.19,-0.03,-0.03,0.16,0.82,0.65,-0.04,0.02,0.72,-0.34
1953,11,0.01,-0.03,0.02,0.12,0.05,0.17,-0.1,-0.19,-0.08,-0.17,-1.2,-0.4,1.31,0.36,-0.19,1.13,-0.44
1953,12,0.09,0.27,0.01,0.18,0.35,0.06,-0,0.1,-0.03,-0.25,0.78,0.36,0.31,0.16,0.31,0.59,-0.16
1954,1,-0.13,-0.36,-0.03,-0.16,-0.55,0.14,-0.11,0.09,-0.15,-0.34,-0.68,-2.06,-0.97,0.16,-0.27,0.25,0.1
1954,2,-0,-0.06,0.03,0.05,-0.04,0.11,-0.05,-0.11,-0.03,0.17,-1.18,-3.04,2.44,0.03,-0.56,-0.4,-0.11
1954,3,-0.08,-0.23,-0.01,-0.14,-0.36,0.02,-0.02,0.07,-0.04,-0.01,-0.75,0.41,0.02,0.09,0.33,0.02,-0.08
1954,4,-0.15,-0.23,-0.11,-0,-0.01,0.01,-0.29,-0.74,-0.19,-0.55,0.16,-1.1,-0.61,-0.12,0.01,1.22,-1.07
1954,5,-0.15,-0.27,-0.1,-0.03,-0.15,0.06,-0.27,-0.54,-0.21,-0.01,-0.63,0.17,-0.19,-0.62,-0.14,0.64,-0.42
1954,6,-0.08,-0.06,-0.1,0.03,0.07,-0.01,-0.19,-0.35,-0.16,-0.48,0.12,0.69,0.12,-0.2,-0.37,0.4,-0.21
1954,7,-0.12,0.03,-0.18,-0.03,0.05,-0.09,-0.2,-0.03,-0.24,-0.67,0.2,-0.29,0.34,-0.44,0.22,0.39,0.25
1954,8,-0.08,-0.03,-0.1,0.06,0.16,-0,-0.22,-0.44,-0.17,-0.56,0.36,0.06,0.44,-0.11,0.14,0.63,-0.64
1954,9,-0.1,-0.05,-0.13,0.06,0.17,-0.02,-0.27,-0.53,-0.2,-0.43,0.25,0.64,0.53,0.04,-0.1,0.26,-0.87
1954,10,0,0.25,-0.11,0.15,0.39,-0.04,-0.15,-0.08,-0.16,-0.24,0.41,0.26,0.49,-0.06,-0.12,1.28,-0.24
1954,11,0.08,0.44,-0.09,0.33,0.8,-0.02,-0.18,-0.37,-0.13,0.07,0.29,0.33,1.78,0.29,-0.2,1.34,-0.63
1954,12,-0.08,0.04,-0.13,-0.07,-0.06,-0.07,-0.1,0.25,-0.18,-0.07,-1.12,1.59,0.56,0.03,-0.16,0.74,0.3
1955,1,0.18,0.66,-0.04,0.4,0.92,0.02,-0.05,0.07,-0.08,0.47,1.1,0.88,0.89,0.14,-0.1,1.91,0.09
1955,2,-0.17,-0.33,-0.1,-0.18,-0.39,-0.02,-0.15,-0.19,-0.15,0.35,-0.18,0.33,-1.06,-0.04,0.21,-2.02,-0.21
1955,3,-0.25,-0.65,-0.07,-0.35,-0.8,-0.02,-0.15,-0.33,-0.1,-0.03,-1.22,-1.06,-1.23,-0.49,-0.15,-1.23,-0.18
1955,4,-0.18,-0.28,-0.13,-0.19,-0.31,-0.09,-0.17,-0.2,-0.16,-0.45,-0.97,-0.98,0.76,-0.31,-0.16,0.16,0.02
1955,5,-0.17,-0.14,-0.18,-0.09,-0.11,-0.08,-0.24,-0.22,-0.25,0.01,0.06,-0.6,0.16,-0.42,-0.64,-0.51,0.11
1955,6,-0.12,-0.05,-0.15,-0,0.09,-0.07,-0.24,-0.38,-0.2,-0.18,0.26,-0.46,0.17,0.05,0.17,0.16,-0.67
1955,7,-0.14,-0.13,-0.14,-0.03,-0.08,0.01,-0.25,-0.24,-0.25,-0.07,-0.23,0.29,0.13,-0.99,-0.24,-0.25,0.23
1955,8,0.05,0.33,-0.08,0.09,0.15,0.05,-0,0.75,-0.18,-0.27,0.25,0.32,0.23,-0.24,0.51,0,1.12
1955,9,-0.11,-0.04,-0.14,0.02,0.04,0,-0.24,-0.22,-0.24,-0.26,0.02,0.67,0.02,-0.01,0.35,-0.05,-0.38
1955,10,-0.07,0.23,-0.21,0.08,0.34,-0.11,-0.23,-0.04,-0.28,-0.09,0.27,0.47,0.91,-0.44,-0.08,0.51,0.27
1955,11,-0.26,-0.45,-0.18,-0.29,-0.6,-0.06,-0.24,-0.1,-0.27,0.18,0.3,-0.36,-1.88,0.04,-0.81,-1.85,0.11
1955,12,-0.3,-0.57,-0.17,-0.31,-0.68,-0.02,-0.29,-0.31,-0.28,-0.35,-0.38,-0.1,-1.07,-0.22,-0.56,-2.24,0
1956,1,-0.1,-0.17,-0.07,-0.04,-0.1,0.01,-0.17,-0.33,-0.13,-0.2,-0.78,0.4,0.35,-0.59,-0.31,0.47,0.12
1956,2,-0.15,-0.25,-0.11,-0.17,-0.36,-0.03,-0.13,-0.01,-0.16,0.23,-0.85,-4.37,-0.42,-0.46,0.23,0.88,0.23
1956,3,-0.15,-0.19,-0.13,-0.11,-0.21,-0.03,-0.19,-0.14,-0.2,-0.15,-0.39,-1.31,-0.53,-0.18,-0.29,0.7,-0.03
1956,4,-0.23,-0.42,-0.14,-0.25,-0.53,-0.04,-0.21,-0.17,-0.21,-0.54,-0.59,-0.89,-0.36,-0.73,-0.15,-0.84,0.29
1956,5,-0.25,-0.5,-0.14,-0.29,-0.56,-0.09,-0.2,-0.35,-0.17,-0.37,-0.36,-0.32,-0.61,-1.01,-0.36,-1.15,0.19
1956,6,-0.15,-0.24,-0.12,-0.13,-0.14,-0.12,-0.18,-0.45,-0.12,-0.3,-0.11,-0.18,0.12,-0.78,-0.66,-0.01,-0.01
1956,7,-0.12,-0.14,-0.11,-0.15,-0.22,-0.09,-0.09,0.03,-0.12,-0.4,-0.1,-0.53,-0.2,-0.2,0.05,0.05,0.19
1956,8,-0.25,-0.61,-0.09,-0.18,-0.37,-0.03,-0.33,-1.16,-0.13,-0.29,-0.35,-0.62,-0.24,-0.67,-0.85,-0.54,-1.14
1956,9,-0.2,-0.35,-0.13,-0.33,-0.57,-0.14,-0.07,0.16,-0.13,-0.48,-0.42,-0.32,-0.74,0.02,-0.97,-1,0.62
1956,10,-0.25,-0.61,-0.08,-0.3,-0.67,-0.03,-0.19,-0.46,-0.12,-0.57,-0.4,-0.38,-0.38,-0.25,-0.74,-1.92,-0.39
1956,11,-0.13,-0.3,-0.06,-0.21,-0.32,-0.13,-0.06,-0.23,-0.02,-0.13,-0.38,-2.01,-0.39,-0.61,-0.67,-0.1,0.26
1956,12,-0.02,0.02,-0.03,0,0.06,-0.04,-0.04,-0.07,-0.03,-0.62,-0.27,-0.22,-0.39,-0.17,-0.44,1.35,0.24
1957,1,-0.04,-0.09,-0.01,-0.05,-0.11,-0,-0.03,-0.05,-0.02,-0.57,0.02,0.1,-0.85,-0.4,-0.01,1.61,0.11
1957,2,-0.06,-0.27,0.04,-0.1,-0.34,0.08,-0.01,-0.12,0.01,-0.43,-1.27,2.01,0.59,-0.23,-0.15,-0.26,-0.05
1957,3,-0.08,-0.3,0.03,-0.14,-0.39,0.04,-0.01,-0.1,0.01,-0.42,-1.26,0.44,0.82,0.27,-0.19,-0.41,-0.16
1957,4,0.04,-0.05,0.09,-0.05,-0.24,0.1,0.14,0.37,0.08,-0.53,-0.67,0.31,0.02,-0.45,0.71,0.45,0.55
1957,5,0.09,-0.09,0.18,0.01,-0.19,0.16,0.18,0.12,0.19,-0.34,0,-0.88,-0.29,0.55,-0,0.2,-0.08
1957,6,0.13,0.18,0.1,0.13,0.04,0.19,0.12,0.49,0.04,-0.29,0.1,0.25,0.07,-0.13,1.2,0.42,0.43
1957,7,0.05,-0.2,0.17,0.11,-0.09,0.25,0,-0.46,0.11,0.04,-0.35,0.45,0.24,-0.48,-0.88,0.19,-0.28
1957,8,0.13,0.13,0.14,0.21,0.08,0.3,0.06,0.26,0.02,0.07,-0.07,-0.02,0.14,0.15,-0.08,0.59,0.27
1957,9,0.1,0.11,0.1,0.15,0.03,0.23,0.06,0.29,0.01,0.22,-0.01,-0.07,0.37,-0.04,-0.32,-0.25,0.49
1957,10,0.08,0.04,0.1,0.04,-0.19,0.22,0.13,0.57,0.02,-0.04,-0.39,0.22,-0.35,0.35,0.44,-0.28,0.51
1957,11,0.06,0,0.08,0.08,-0.1,0.23,0.03,0.24,-0.02,0.6,-0.25,0.45,0.03,0.01,0.45,-1.19,0
1957,12,0.14,0.12,0.15,0.2,0.07,0.29,0.08,0.23,0.05,0.24,0.95,-0.25,0.41,0.39,0.29,-2.3,0.06
1958,1,0.36,0.81,0.16,0.62,1.06,0.29,0.09,0.23,0.06,0.6,0.55,0.09,2.24,0.48,0.02,1.15,0.05
1958,2,0.2,0.27,0.16,0.27,0.2,0.32,0.12,0.43,0.05,0.11,0.65,1.11,-0.29,0.54,0.39,-0.7,0.2
1958,3,0.14,0.08,0.17,0.18,-0.04,0.35,0.11,0.35,0.05,0.48,-0.5,-1.6,0.78,0.37,0.45,-0.69,0.26
1958,4,0.06,-0.09,0.14,0.01,-0.37,0.3,0.12,0.54,0.02,0.57,-0.47,-1.13,-0.06,0.31,0.87,-1.57,0.22
1958,5,0.09,0.12,0.08,0.07,-0.1,0.2,0.11,0.63,-0.01,0.13,-0.57,0.85,0.75,0.13,1.48,-0.72,0.39
1958,6,0.01,-0.18,0.1,0.1,-0.11,0.26,-0.08,-0.34,-0.02,-0.08,-0.25,-0.55,0.04,0.68,0.3,-0.05,-0.98
1958,7,0.08,0.11,0.07,0.1,-0.03,0.2,0.07,0.44,-0.02,-0.22,-0.09,-0.28,0.07,1.2,0.44,0.22,-0.04
1958,8,0.01,-0.24,0.12,0.17,0.06,0.25,-0.16,-0.91,0.02,-0.2,-0.22,0.11,0.5,-0.4,0.32,0.28,-1.14
1958,9,-0.04,-0.32,0.09,0.04,-0.21,0.24,-0.12,-0.55,-0.02,0.06,-0.57,0.27,0.22,0.3,-0.88,-0.31,-0.81
1958,10,0.02,-0.09,0.08,0.03,-0.17,0.19,0.01,0.09,-0,-0.1,-0.27,0.42,0.15,0.35,-0.21,-0.64,-0.05
1958,11,-0,-0.1,0.04,-0,-0.22,0.16,-0,0.16,-0.04,0.47,-0.12,0.67,-0.21,0.2,0.05,-1.59,-0.06
1958,12,0.11,0.07,0.12,0.23,0.32,0.17,-0.02,-0.49,0.09,0.72,0.2,0.52,-0.08,0.2,-0.18,-0.79,-0.77
1959,1,0.12,0.15,0.11,0.23,0.24,0.23,0.01,-0.04,0.02,0.26,0.52,0.7,-0.32,0.08,0.3,0.17,-0.41
1959,2,0.11,0.15,0.09,0.18,0.16,0.2,0.03,0.12,0.01,-0.54,0.42,0.24,-0.06,0.38,0.16,1.15,-0.17
1959,3,0.22,0.56,0.06,0.37,0.63,0.16,0.07,0.39,-0.01,0.12,1.42,1.35,-0.49,-0.05,0.54,0.63,0.24
1959,4,0.16,0.36,0.07,0.19,0.17,0.2,0.13,0.79,-0.02,0.22,0.31,0.57,-0.26,0.06,0.47,-0.44,0.86
1959,5,0.1,0.07,0.11,0.08,-0.05,0.18,0.12,0.35,0.07,0.17,-0.21,0.07,-0.38,0.09,0,0.12,0.43
1959,6,0.09,0.17,0.05,0.16,0.18,0.15,0.01,0.17,-0.02,0.19,0.24,0.12,0.08,0.11,0.28,0.44,-0.06
1959,7,0.05,0.12,0.02,0.05,-0.09,0.16,0.05,0.6,-0.08,0.05,-0.23,1.02,-0.03,0.59,0.31,-0.2,0.26
1959,8,0.05,0.01,0.07,0.12,0.04,0.18,-0.01,-0.05,-0.01,-0.22,0.3,0.35,-0.25,-0.11,0.37,0.06,-0.16
1959,9,0.01,-0.13,0.08,0.15,0.07,0.2,-0.12,-0.58,-0.01,-0.2,0.49,-0.74,-0.11,0.26,0.26,0.06,-1.13
1959,10,0.01,-0.14,0.07,-0.02,-0.25,0.15,0.03,0.11,0.01,-0.14,-0.03,-0.58,-0.96,0.34,0.14,-0.33,-0.14
1959,11,-0.03,-0.14,0.02,-0.01,-0.13,0.08,-0.05,-0.16,-0.02,-0.03,-0.55,-0.15,-0.84,-0.09,0.89,1.7,-0.57
1959,12,0.06,0.08,0.05,0.1,0.08,0.12,0.02,0.06,0.01,-0.03,-0.98,0.39,1.94,0.34,-0.38,0.18,-0.05
1960,1,0.01,0.05,-0,0.14,0.19,0.1,-0.11,-0.28,-0.07,-0.08,-0.26,0.05,0.64,0.3,0.39,0.4,-0.62
1960,2,0.16,0.39,0.06,0.36,0.63,0.15,-0.04,-0.17,-0.01,0.5,1.13,-0.25,0.6,0.2,-0.16,-0.57,-0.25
1960,3,-0.24,-0.86,0.04,-0.31,-0.86,0.11,-0.16,-0.85,-0,-0.15,-1.16,0.01,-1.82,0.05,0.01,-0.68,-1.25
1960,4,-0.12,-0.37,-0,-0.11,-0.35,0.08,-0.13,-0.41,-0.06,-0.26,-0.54,0.04,-0.12,-0.18,0.02,-0.54,-0.42
1960,5,-0.1,-0.4,0.04,0.03,-0.09,0.12,-0.22,-1.09,-0.02,-0.25,-0.83,0.48,0.44,-0.62,-1.22,0.89,-0.78
1960,6,-0.03,-0.05,-0.02,0.19,0.3,0.11,-0.25,-0.84,-0.11,0,0.33,0.71,0.37,0.04,-0.5,0.71,-1.19
1960,7,0.02,-0.14,0.09,0.16,0.08,0.22,-0.13,-0.65,-0,-0.26,-0.1,-0.13,0.31,-0.23,0.21,0.64,-0.83
1960,8,0.01,-0.04,0.03,0.12,0.07,0.16,-0.1,-0.29,-0.05,0.5,-0.21,-0.13,0.24,-0.02,-0.75,-0,-0.32
1960,9,0.05,0.01,0.07,0.16,0.13,0.18,-0.06,-0.28,-0.01,0.04,0.13,-0.43,0.31,0.11,-0.32,0.16,-0.44
1960,10,0.02,0.01,0.03,0.02,-0.1,0.12,0.02,0.26,-0.03,0.52,-0.76,0.22,0.61,0.13,0.23,-0.47,0.09
1960,11,-0.13,-0.46,0.02,-0.16,-0.46,0.07,-0.1,-0.46,-0.01,-0.03,-0.97,1.11,0.13,0.18,-0.51,-1.24,-0.54
1960,12,0.21,0.59,0.04,0.46,0.91,0.12,-0.04,-0.16,-0.01,0.77,0.9,1.64,0.61,0.29,-0.08,1.83,-0.5
1961,1,0.1,0.19,0.06,0.18,0.29,0.1,0.01,-0.03,0.02,0.27,0.29,0.24,0.6,0.3,0.08,-0,-0.3
1961,2,0.17,0.23,0.14,0.22,0.27,0.18,0.11,0.14,0.11,-0.72,0.84,1.92,0.72,-0.01,0.08,-0.19,0.26
1961,3,0.1,0.1,0.1,0.14,0.09,0.18,0.07,0.13,0.05,-0.52,1.18,1.57,-0.69,0.19,0.38,-0.98,-0.09
1961,4,0.15,0.18,0.14,0.1,0.01,0.17,0.2,0.56,0.12,0.21,0.28,1.25,-0.74,0.19,0.7,-0.59,0.5
1961,5,0.15,0.18,0.14,0.1,0.03,0.16,0.2,0.53,0.12,0.48,0.19,-0.12,-0.43,0.53,-0.15,-0.25,0.39
1961,6,0.13,0.17,0.12,0.18,0.2,0.17,0.08,0.08,0.08,0.32,-0.08,0.87,0.47,-0.28,-0.03,0.25,0.11
1961,7,0.06,0.07,0.05,0.08,0.03,0.12,0.04,0.17,0.01,-0.05,0.13,-0.33,0.17,0.1,-0.5,0.33,0.17
1961,8,0.05,0.03,0.06,0.08,-0.02,0.16,0.02,0.14,-0,-0.43,-0.1,-0.15,0.35,0.86,-0.54,-0.1,0.08
1961,9,0.04,0.09,0.02,-0.09,-0.31,0.08,0.17,0.99,-0.02,-0.44,0.14,0.63,-0.81,0.53,0.47,-0.4,0.95
1961,10,0.01,-0.12,0.07,-0.11,-0.41,0.12,0.13,0.54,0.03,-0.37,-0.65,1.16,-0.68,0.43,0.76,-0.17,0.26
1961,11,0.05,0.05,0.04,0.04,0.01,0.06,0.05,0.13,0.04,-0.25,0.28,0.77,-0.33,0.31,0.11,-0.05,0.02
1961,12,-0.11,-0.45,0.04,-0.16,-0.5,0.1,-0.07,-0.34,-0,-0.36,0.26,-0.34,-1.08,-0.05,0.48,-1.45,-0.61
1962,1,0.06,0.14,0.03,0.27,0.46,0.12,-0.14,-0.58,-0.04,-0.15,1.29,1.21,-0.43,-0.12,-0.06,1.17,-0.84
1962,2,0.17,0.45,0.04,0.32,0.59,0.12,0.01,0.14,-0.02,-0.37,1.83,0.14,-0.41,0.09,0.04,1.04,0.11
1962,3,0.16,0.39,0.05,0.33,0.58,0.13,-0.02,-0.05,-0.01,0.25,0.98,-1.51,0.18,0.28,-0.14,1.14,-0.13
1962,4,0.07,0.12,0.05,0.21,0.33,0.12,-0.06,-0.37,0.01,-0.11,0.57,0.62,-0.03,-0.08,-0.09,0.92,-0.46
1962,5,-0.06,-0.32,0.06,0,-0.1,0.08,-0.12,-0.82,0.04,-0.26,0.47,-0.39,-0.17,-0.27,-0.42,-0.75,-0.79
1962,6,-0.01,-0.12,0.04,-0.07,-0.23,0.06,0.05,0.14,0.03,-0.04,-0.37,-0.69,0.04,-0.46,1.06,-0.26,0.01
1962,7,-0.01,-0.21,0.09,0.13,0.06,0.17,-0.14,-0.84,0.03,0.07,0.38,-0.79,-0.22,-0.79,0.36,0.18,-1.01
1962,8,-0.03,-0.2,0.04,0.05,-0.08,0.14,-0.12,-0.48,-0.03,-0.09,-0.15,0.08,0.21,0.08,-0.23,-0.1,-0.7
1962,9,-0.03,-0.18,0.03,-0.02,-0.2,0.12,-0.04,-0.13,-0.03,-0.06,-0.06,-0.05,-0.19,0.52,-0.12,-0.55,-0.42
1962,10,0.03,-0.08,0.07,0.05,-0.01,0.1,-0,-0.23,0.05,0.11,-0.25,0.67,0.77,-0.15,0.01,-0.49,-0.29
1962,11,0.12,0.29,0.04,0.16,0.3,0.06,0.07,0.27,0.03,0.6,-0.62,0.79,0.82,0.49,0.48,0.63,-0.05
1962,12,0.01,0.07,-0.01,0.12,0.18,0.07,-0.09,-0.2,-0.07,0.16,0.51,-1.35,0.89,0.2,0.03,-0.5,-0.38
1963,1,-0.01,0.02,-0.03,0.08,0.1,0.07,-0.11,-0.15,-0.1,0.51,0.88,-2.7,-0.61,0.2,-0.41,0.43,-0.11
1963,2,0.18,0.59,-0,0.47,0.91,0.13,-0.1,-0.16,-0.09,0.75,1.98,-1.8,0.84,-0.02,-0,0.4,-0.26
1963,3,-0.11,-0.37,0.01,-0.13,-0.45,0.11,-0.09,-0.19,-0.06,-0.42,0.26,-1.69,-0.02,0.03,0.36,-2.07,-0.4
1963,4,-0.03,-0.26,0.07,0.03,-0.15,0.16,-0.1,-0.51,0,-0.28,-0.77,-0.01,0.84,0.3,-0.32,0.02,-0.68
1963,5,-0.01,-0.35,0.14,-0.04,-0.29,0.16,0.02,-0.47,0.13,-0.65,-0.22,0.64,-0.28,-0.06,0.32,-0.52,-0.67
1963,6,0.01,-0.14,0.08,-0.02,-0.22,0.13,0.04,0.03,0.05,-0.05,-0.34,0.04,-0.07,-0.06,-0.07,-0.61,0.15
1963,7,0.06,0.03,0.07,0.13,0.06,0.18,-0.02,-0.04,-0.01,0.15,0.06,0.38,0.07,0.52,-0.12,-0.37,-0.26
1963,8,0.15,0.27,0.1,0.15,0.03,0.24,0.16,0.82,0.01,0.06,0.06,0.41,0.04,0.57,-0.08,-0.27,0.97
1963,9,0.16,0.27,0.1,0.12,0.04,0.17,0.2,0.82,0.05,0.33,0.11,0.72,0.19,0.42,0.03,-0.68,0.91
1963,10,0.14,0.27,0.08,0.3,0.41,0.22,-0.03,-0.04,-0.02,-0.01,0.61,0.33,1.63,0.77,0.13,-0.43,-0.62
1963,11,0.1,0.12,0.08,0.28,0.3,0.27,-0.09,-0.29,-0.05,-0.1,1.07,1.42,0.3,0.05,-0.06,-0.89,-0.36
1963,12,0.05,-0.02,0.08,0.14,0.04,0.21,-0.03,-0.16,-0,0.43,0.28,-1.43,-0.2,0.25,0.3,0.14,-0.44
1964,1,-0.06,-0.21,0.01,-0.04,-0.33,0.17,-0.08,0.05,-0.11,0.02,-0.1,-0.87,0.82,0.34,-0.03,-1.5,-0.11
1964,2,-0.08,-0.29,0.01,-0.05,-0.31,0.14,-0.11,-0.24,-0.08,0.14,-1.04,-0.58,0.98,0.4,-0.26,0.5,-0.55
1964,3,-0.2,-0.56,-0.04,-0.31,-0.73,0.02,-0.1,-0.17,-0.08,0.83,-0.4,-1.1,-2.27,-0.04,0.26,-2.17,-0.41
1964,4,-0.26,-0.67,-0.07,-0.32,-0.81,0.05,-0.19,-0.34,-0.16,-0.24,-0.9,0.12,-0.54,0.21,0.32,-2.1,-0.71
1964,5,-0.21,-0.51,-0.07,-0.13,-0.39,0.07,-0.29,-0.79,-0.17,-0.24,-0.26,0.13,-0.14,0.12,-0.05,-1.2,-1.09
1964,6,-0.05,-0.11,-0.03,-0.08,-0.24,0.04,-0.03,0.19,-0.08,-0.34,-0.18,0.95,-0.44,-0.67,0.37,-0.44,0.69
1964,7,-0.1,-0.08,-0.11,-0.09,-0.18,-0.02,-0.1,0.15,-0.16,-0.65,-0.08,0.02,-0.04,-0.49,0.67,-0.32,0.54
1964,8,-0.17,-0.17,-0.17,-0.2,-0.26,-0.16,-0.14,0.05,-0.18,-0.42,-0.03,-0.64,-0.59,0,0.18,-0.16,0.13
1964,9,-0.29,-0.54,-0.18,-0.29,-0.43,-0.18,-0.29,-0.77,-0.17,-0.73,-0.14,0,-0.6,-0.06,0.41,-0.54,-1.07
1964,10,-0.26,-0.56,-0.12,-0.33,-0.5,-0.2,-0.19,-0.71,-0.07,-0.55,-0.67,0.24,-0.22,-0.51,-0.83,-0.51,-0.39
1964,11,-0.25,-0.35,-0.21,-0.29,-0.41,-0.19,-0.21,-0.21,-0.21,-0.57,-0.06,0.31,-0.15,-0.42,-0.36,-1.61,0.14
1964,12,-0.25,-0.26,-0.25,-0.23,-0.23,-0.23,-0.27,-0.34,-0.26,-0.11,0.28,0.29,-1.44,-0.51,-0.74,-0.3,0.15
1965,1,-0.08,0.04,-0.14,-0.03,0.13,-0.15,-0.14,-0.16,-0.13,-0.05,0.41,0.54,-0.03,-0.2,-0.03,-0.48,0.02
1965,2,-0.16,-0.3,-0.1,-0.35,-0.63,-0.14,0.03,0.46,-0.07,0.11,-0.61,-1.45,-1.07,0.16,0.88,-1.26,0.39
1965,3,-0.13,-0.18,-0.11,-0.1,-0.1,-0.1,-0.17,-0.37,-0.12,-0.11,0.44,-0.34,-0.87,-0.32,-0.12,0.58,-0.18
1965,4,-0.18,-0.37,-0.09,-0.24,-0.43,-0.1,-0.11,-0.23,-0.08,-0.74,-0.73,-0.72,0.22,-0.12,-0.25,0.1,-0.02
1965,5,-0.09,-0.16,-0.06,-0.16,-0.31,-0.06,-0.02,0.16,-0.06,-0.42,-0.09,-0.88,0.17,-0.02,0.4,-0.83,0.36
1965,6,-0.09,-0.24,-0.02,-0.16,-0.3,-0.05,-0.02,-0.11,0,-0.35,-0.07,0.14,-0.69,0.95,0.28,-0.74,-0.58
1965,7,-0.11,-0.21,-0.07,-0.12,-0.19,-0.06,-0.11,-0.25,-0.07,0.01,0.01,-0.85,-0.47,0.01,-0.65,-0.32,-0.11
1965,8,-0.06,-0.13,-0.02,-0.16,-0.36,-0.02,0.05,0.38,-0.03,-0.15,-0.3,-0.85,-0.49,0.38,0.16,-0.27,0.26
1965,9,-0.09,-0.31,0,-0.17,-0.38,-0,-0.02,-0.16,0.01,-0.14,0.04,0.18,-1.32,0.19,0.55,-0.51,-0.45
1965,10,0.01,0.01,0.01,-0.03,-0.13,0.04,0.06,0.32,-0.01,-0.28,0.33,-0.29,-0.15,0.41,0.49,-0.98,0.3
1965,11,0,-0.01,0.01,0.03,-0.05,0.09,-0.02,0.1,-0.05,-0.31,-0.67,-1.22,0.74,0.22,0.13,0.05,0.02
1965,12,-0.02,-0.12,0.02,-0.06,-0.26,0.1,0.01,0.2,-0.03,-0.22,-0.3,0.38,0.76,0.06,0.28,-1.52,0.19
1966,1,-0.15,-0.53,0.02,-0.22,-0.69,0.13,-0.08,-0.19,-0.06,0.63,0.15,-0.58,-2.39,0.58,-0.16,-2.92,-0.59
1966,2,-0.04,-0.15,0.01,-0.04,-0.28,0.15,-0.04,0.15,-0.08,0.23,-0.47,1.1,0.01,0.02,-0,-2.7,0.39
1966,3,-0.02,-0.08,-0,-0.07,-0.45,0.22,0.02,0.76,-0.15,-0.26,-0.06,0.14,0.14,0.13,0.13,-2.49,1.07
1966,4,-0.08,-0.43,0.08,-0.2,-0.7,0.18,0.05,0.19,0.01,-0.13,-0.81,0.64,-0.92,0.15,0.43,-1.83,0.32
1966,5,-0.07,-0.12,-0.04,-0.03,-0.18,0.08,-0.1,0.02,-0.13,-0.09,0.06,0.23,-0.29,0.22,-0.54,-0.39,0.21
1966,6,0.03,0.04,0.02,0.09,0.03,0.13,-0.03,0.06,-0.05,0.14,0.12,0.41,-0.01,0.44,0.26,0.04,-0.41
1966,7,0.11,0.23,0.06,0.16,0.14,0.18,0.06,0.44,-0.03,0.36,-0.03,-0.04,0.45,0.25,-0.22,-0.06,0.5
1966,8,-0.02,-0.1,0.02,0.19,0.23,0.16,-0.24,-0.87,-0.09,0.32,0.41,-0.13,0.02,-0.31,-0.62,0.21,-0.94
1966,9,-0,-0.03,0.01,0.08,0.08,0.09,-0.09,-0.28,-0.05,-0.1,0.26,-0.21,0.35,-0.29,-0.26,-0.07,-0.1
1966,10,-0.16,-0.48,-0.01,-0.13,-0.51,0.15,-0.18,-0.39,-0.13,0.04,-0.4,1.33,-0.57,0.05,-0.74,-1.81,-0.31
1966,11,-0.03,-0.17,0.03,-0.03,-0.26,0.15,-0.03,0.03,-0.05,0.09,-0.29,0.39,-0.81,0.19,-0.15,-0.45,0.03
1966,12,-0.03,-0.16,0.03,-0.04,-0.21,0.09,-0.02,-0.05,-0.01,-0.06,-1.15,0.3,0.01,-0.17,-0.62,1.22,0.22
1967,1,-0.12,-0.25,-0.06,-0.22,-0.54,0.02,-0.02,0.4,-0.12,-0.54,-0.63,-1.11,0.76,0,0.12,-1.07,0.68
1967,2,-0.2,-0.49,-0.07,-0.3,-0.68,-0.01,-0.11,-0.06,-0.12,-0.06,-0.6,0.2,-0.87,0.04,-0.56,-1.24,0.25
1967,3,0.06,0.16,0.01,0.17,0.29,0.08,-0.06,-0.15,-0.04,-0.45,0.93,1.11,-0.65,-0.2,-1.02,0.89,0.43
1967,4,-0.01,0.04,-0.03,0.1,0.14,0.07,-0.12,-0.18,-0.11,-0.05,0.55,-0.04,-0.84,0.16,0.37,0.55,-0.38
1967,5,0.19,0.43,0.08,0.25,0.37,0.17,0.12,0.55,0.01,-0.03,0.89,0.33,-0.54,0.88,0.28,0.91,0.24
1967,6,-0.03,-0.18,0.04,0.02,-0.2,0.18,-0.08,-0.14,-0.06,-0.1,-0.05,-0.51,-0.38,-0.8,0.04,-0.04,0.19
1967,7,-0.01,-0.06,0.01,0.06,-0.05,0.15,-0.09,-0.08,-0.09,-0.43,0.24,0.24,-0.32,-0.02,-0.44,0.1,0.21
1967,8,-0.02,-0.09,0.02,0.08,-0.13,0.23,-0.11,0,-0.13,-0.27,-0.09,0.31,-0.11,0.26,-0.5,-0.18,0.08
1967,9,0.01,0.03,-0,0.02,-0.1,0.11,-0.01,0.31,-0.08,-0.26,-0.43,0.64,0.21,0.3,-0.23,0.18,0.42
1967,10,0.1,0.37,-0.02,0.23,0.46,0.06,-0.03,0.16,-0.07,-0.39,1.2,1.35,-0.22,0.29,1.14,1,-0.3
1967,11,-0.05,-0.05,-0.04,-0.01,-0.04,0.01,-0.08,-0.08,-0.08,-0.46,0.23,1.01,-0.19,-0.08,0.23,0.42,-0.01
1967,12,0,0.25,-0.11,0.13,0.34,-0.03,-0.12,0.05,-0.17,-0.34,0.31,-0.93,0.83,0.17,-0.27,1.46,0.24
1968,1,-0.18,-0.38,-0.09,-0.26,-0.48,-0.09,-0.11,-0.14,-0.1,-0.48,-0.27,-1.5,-0.58,-0.01,0.25,-0.43,-0.21
1968,2,-0.14,-0.18,-0.12,-0.13,-0.22,-0.06,-0.15,-0.1,-0.16,-0.05,-0.22,0.26,-0.04,-0.18,0.13,0.25,0.03
1968,3,0.17,0.78,-0.1,0.39,0.99,-0.06,-0.05,0.3,-0.13,-0.55,2.14,0.32,1,-0.27,0.19,1.32,0.71
1968,4,-0.04,-0.02,-0.05,-0,-0.04,0.02,-0.09,0.01,-0.11,-0.48,0.15,1.02,-0.07,-0.81,0.55,0.08,0.47
1968,5,-0.07,-0.17,-0.03,0.01,-0.06,0.06,-0.15,-0.41,-0.09,-0.32,0.21,0.15,-0.4,-0.81,-0.8,0.06,0.18
1968,6,-0.01,-0.19,0.07,0.03,-0.21,0.21,-0.05,-0.13,-0.03,-0.52,-0.33,0.45,-0.14,-0.09,0.44,-0.25,0.04
1968,7,-0.07,-0.37,0.06,-0.03,-0.28,0.15,-0.11,-0.57,-0.01,-0.04,-0.22,-0.56,-0.42,0.34,-0.45,-0.42,-0.86
1968,8,-0,-0.2,0.08,-0.02,-0.22,0.14,0.01,-0.16,0.04,0.35,-0.29,-0.46,-0.78,0.24,-0.65,0,-0.15
1968,9,-0.09,-0.43,0.06,-0.02,-0.2,0.12,-0.17,-0.97,0.02,0.05,-0.56,0.06,0.13,-0.28,-0.37,-0.26,-1.1
1968,10,0.05,-0.11,0.13,-0.09,-0.4,0.14,0.2,0.54,0.12,-0.2,-0.6,-0.03,0.57,0.15,-0.03,-0.79,0.71
1968,11,-0.11,-0.61,0.11,-0.28,-0.82,0.13,0.05,-0.15,0.1,-0.25,-1.1,0.29,0.29,0.58,-0.06,-2.81,-0.24
1968,12,-0.11,-0.73,0.17,-0.34,-0.94,0.12,0.12,-0.26,0.21,0.31,-1.03,-0.26,-1.06,0.03,-0.39,-2.63,-0.12
1969,1,-0.08,-0.77,0.23,-0.42,-1.29,0.24,0.25,0.4,0.22,0.3,-2.81,-1,-0.82,0.3,0.83,-0.59,0.25
1969,2,-0.08,-0.73,0.22,-0.37,-1.15,0.22,0.22,0.23,0.22,1.2,-3.75,-1.35,0.96,0.57,0.11,-1.4,0.08
1969,3,0.05,-0.33,0.21,-0.12,-0.55,0.21,0.21,0.19,0.22,1.19,-0.58,-1.3,-1.26,0.6,0.03,-1.93,0.05
1969,4,0.16,0.01,0.23,0.03,-0.24,0.23,0.3,0.58,0.24,0.08,-0.4,-0.48,0.64,0.57,0.07,-0.95,0.61
1969,5,0.21,0.11,0.25,0.12,-0.08,0.28,0.29,0.53,0.23,0.2,-0.57,0.4,0.18,0.89,0.27,-0.21,0.32
1969,6,0.1,0.01,0.14,-0,-0.18,0.14,0.2,0.43,0.15,0.39,-0.28,-0.08,-0.64,0.48,-0.11,-0.29,0.41
1969,7,0.01,-0.13,0.07,0.06,-0.02,0.12,-0.04,-0.39,0.04,-0.1,0.15,-0.29,-0.14,0.56,0.58,0.09,-1.17
1969,8,0.04,-0.14,0.13,0.07,-0.05,0.16,0.02,-0.36,0.11,0.19,-0.38,0.21,0.26,0.05,0.41,0.03,-0.78
1969,9,0.09,-0.03,0.15,0.06,-0.08,0.17,0.13,0.09,0.14,0.24,-0.44,-0.04,-0.13,0.77,-0.9,-0.18,0.15
1969,10,0.13,0.11,0.14,-0.02,-0.12,0.06,0.28,0.64,0.19,0.03,-0.16,0.34,-0.7,0.03,0.69,-0.01,0.76
1969,11,0.15,0.14,0.15,0.14,0.23,0.08,0.15,-0.08,0.21,0.34,0.64,0.68,0.18,0.47,0.18,-0.49,-0.45
1969,12,0.29,0.55,0.17,0.42,0.83,0.1,0.16,-0.09,0.22,0.23,0.39,-1.66,2.07,0.34,-0.05,1.76,-0.25
1970,1,0.16,0.15,0.17,0.1,0.11,0.09,0.22,0.23,0.22,0.86,-0.09,-0.13,-0.55,0.37,0.31,0.19,0.08
1970,2,0.19,0.36,0.11,0.2,0.36,0.08,0.18,0.36,0.14,0.53,0.54,-0.73,0.83,0.4,0.64,-0.49,0.04
1970,3,0.09,0.05,0.11,-0.06,-0.24,0.08,0.24,0.7,0.13,0.1,-0.56,-0.2,-0.22,0.27,0.2,0.64,0.72
1970,4,0.09,-0.01,0.14,-0.03,-0.25,0.13,0.22,0.54,0.14,0.05,0.29,-0.08,-0.54,0.75,0.22,-1.26,0.39
1970,5,0.02,-0.11,0.07,-0.01,-0.11,0.07,0.04,-0.11,0.07,0.17,0.01,-0.28,-0.42,0.35,-0.16,-0.59,-0.29
1970,6,-0,0.01,-0.01,0.01,-0.04,0.05,-0.02,0.14,-0.05,0.21,-0.33,0.61,0.08,0.31,0.82,-0.18,-0.29
1970,7,0.04,0.15,-0.01,0.02,0.1,-0.04,0.06,0.24,0.02,0.05,0.2,-0.01,0.14,0.06,-0.05,0.1,0.3
1970,8,-0.07,-0.25,0.01,-0.01,-0.05,0.01,-0.13,-0.72,0.01,0.13,-0.29,-0.09,0.24,0.01,-0.19,-0.47,-1.09
1970,9,0.06,0.16,0.01,-0.04,-0.07,-0.02,0.16,0.69,0.03,-0.03,0.2,-0.01,-0.35,0.3,-0.31,0.11,0.88
1970,10,-0.04,-0.18,0.02,-0.25,-0.53,-0.04,0.17,0.61,0.06,-0.26,-0.48,-0.4,-0.4,0.16,0.55,-1.04,0.67
1970,11,0.02,-0.08,0.07,-0.06,-0.06,-0.05,0.1,-0.13,0.15,-0.1,0.06,0.74,-0.05,-0.16,-0.13,-0.28,-0.08
1970,12,-0.12,-0.3,-0.04,-0.28,-0.52,-0.11,0.05,0.21,0.01,-0.35,-0.12,-0.03,-1.14,0.21,0.15,-0.76,0.23
1971,1,-0.07,-0.14,-0.04,-0.21,-0.33,-0.11,0.07,0.29,0.01,-0.16,0.84,0.92,-1.33,-0.23,0.6,-1.71,0.61
1971,2,-0.17,-0.27,-0.12,-0.26,-0.37,-0.17,-0.08,-0.02,-0.09,-0.27,-1.2,0.52,0.15,-0.46,0.41,-0.52,0.28
1971,3,-0.12,-0.12,-0.12,-0.2,-0.2,-0.2,-0.05,0.06,-0.07,0.34,-0.38,-1.2,-0.48,-0.12,0.39,-0.2,-0.06
1971,4,-0.08,-0.11,-0.07,-0.15,-0.19,-0.12,-0.01,0.09,-0.03,-0.22,-0.19,-0.05,-0.03,-0.5,-0.2,-0.45,0.5
1971,5,-0.05,0.01,-0.08,-0.08,0.02,-0.16,-0.01,0.01,-0.01,-0.17,0.05,0.67,-0.21,-0.49,-0.21,0.24,0.42
1971,6,-0.13,-0.16,-0.12,-0.09,0.02,-0.17,-0.17,-0.57,-0.08,-0.1,-0.19,-0.44,0.47,-0.66,-0.47,0.26,-0.29
1971,7,-0.05,-0.06,-0.04,-0.08,-0.06,-0.1,-0.01,-0.08,0.01,-0.14,0.02,-0.06,-0.24,0.46,-0.16,0.29,-0.37
1971,8,-0.05,0.03,-0.09,-0.13,-0.06,-0.18,0.03,0.25,-0.02,-0.29,-0.08,0.44,-0.07,-0.06,0.33,0.24,0.39
1971,9,0.03,0.29,-0.08,-0.09,0.16,-0.27,0.15,0.59,0.05,-0.22,0.35,-0.43,0.08,0.3,0.4,0.53,0.67
1971,10,-0.12,-0.14,-0.11,-0.25,-0.23,-0.27,0.01,0.07,0,-0.59,0.11,-0.25,0.22,-0.52,0.43,-0.63,0.38
1971,11,-0.1,-0.12,-0.09,-0.06,0.18,-0.24,-0.14,-0.8,0.02,-0.57,1.88,-0.52,-0.51,-0.15,-0.64,-0.81,-0.73
1971,12,-0.08,0.03,-0.13,-0.11,0.01,-0.2,-0.05,0.05,-0.08,-0.39,1.09,0.91,-1.36,0.06,-0.22,-0.76,0.22
1972,1,-0.17,-0.61,0.03,-0.48,-0.84,-0.21,0.15,-0.07,0.2,-0.09,-1.62,-1.41,-1.04,0.04,-0.43,-0.8,0.31
1972,2,-0.14,-0.59,0.07,-0.44,-0.85,-0.12,0.16,-0,0.2,-0.18,-1.28,0.46,-1.71,-0.06,-0.02,-0.29,0.3
1972,3,0.08,0.18,0.03,0.02,0.22,-0.13,0.13,0.08,0.14,-0.19,0.11,0.68,-0.09,-0.1,-0.24,0.26,0.49
1972,4,0.03,-0.03,0.06,-0.06,-0.09,-0.03,0.12,0.1,0.12,-0.21,0.59,0.62,-0.98,-0.3,-0.16,-0.43,0.46
1972,5,0.02,-0.11,0.07,-0.12,-0.27,-0.01,0.15,0.25,0.13,-0.35,-0.28,-0.12,0.01,0.57,0.13,-0.52,0.07
1972,6,0.11,0.15,0.1,-0.05,-0.14,0.01,0.28,0.79,0.16,-0.24,0.05,0.38,-0.52,0.86,0.42,-0.56,0.77
1972,7,0.07,-0.05,0.13,0.01,-0.08,0.08,0.14,0.03,0.17,0.41,-0.24,0.7,-0.77,0.32,-0.08,-0.07,-0.05
1972,8,0.21,0.37,0.14,-0.01,-0.01,-0.01,0.43,1.23,0.24,0.25,-0.23,0.01,-0.21,-0,0.53,-0.09,1.74
1972,9,0.09,-0.01,0.13,-0.19,-0.39,-0.03,0.36,0.86,0.24,0.46,-0.67,-0.93,-0.96,0.32,0.56,-0.64,0.91
1972,10,0.1,-0.03,0.15,-0.05,-0.12,0.01,0.24,0.19,0.25,0.43,0.12,-0.65,-1.08,0.14,0.44,-0.17,0.01
1972,11,0.03,-0.4,0.22,-0.24,-0.6,0.04,0.29,0.07,0.34,-0.33,-0.52,0.24,-0.88,0.36,0.48,-1.8,-0.22
1972,12,0.22,0.05,0.3,0.01,-0.09,0.09,0.44,0.4,0.45,0.39,0.5,0.82,-1.95,0.46,1.22,0.07,-0.28
1973,1,0.28,0.34,0.26,0.15,0.19,0.11,0.42,0.67,0.36,0.48,-0.28,0.43,0.71,0.71,0.81,0.3,0.17
1973,2,0.31,0.48,0.23,0.36,0.68,0.12,0.26,0.04,0.31,0.73,1.59,1.26,-0.48,0.73,0.24,-0.08,-0.48
1973,3,0.27,0.43,0.2,0.27,0.48,0.11,0.26,0.3,0.26,0.32,0.82,0.35,1.12,0.72,0.47,-0.39,-0.4
1973,4,0.31,0.58,0.18,0.23,0.46,0.05,0.38,0.85,0.28,0.38,0.9,-0.28,-0.36,0.63,0.95,0.41,0.59
1973,5,0.23,0.43,0.14,0.12,0.25,0.03,0.33,0.85,0.21,0.48,0.21,0.27,0.22,0.11,0.99,0.36,0.79
1973,6,0.25,0.52,0.13,0.18,0.4,0.02,0.32,0.77,0.21,0.51,0.36,0.16,0.21,0.72,0.81,0.53,0.44
1973,7,0.13,0.16,0.12,0.05,0.14,-0.01,0.21,0.2,0.21,0.46,-0.03,0.35,0.02,-0.15,1.48,0.22,-0.11
1973,8,0.07,0.05,0.08,0.07,0.22,-0.04,0.08,-0.32,0.17,0.15,0.1,0.01,0.43,-0.19,0.76,0.4,-0.56
1973,9,0.08,0.1,0.07,-0.06,-0.02,-0.08,0.22,0.38,0.18,0.21,-0.13,-0.1,0.22,-0.14,0.22,-0.1,0.54
1973,10,0.07,0.11,0.05,-0.09,-0.11,-0.07,0.23,0.63,0.14,0.04,-0.33,-0.63,0.82,0.14,0.45,-0.43,0.71
1973,11,0.02,0.03,0.02,-0.11,-0.1,-0.11,0.16,0.34,0.12,-0.47,0.82,-1.16,-0.61,-0.15,0.03,-0.61,0.62
1973,12,-0,0.12,-0.05,0.05,0.36,-0.19,-0.05,-0.44,0.04,-0.29,0.95,-0.84,0.42,-0.21,0.03,0.05,-0.44
1974,1,-0.08,-0.21,-0.03,-0.21,-0.32,-0.12,0.04,0.03,0.04,-0.5,-1.04,0.9,-0.81,-0.15,-0.6,0.42,0.49
1974,2,-0.25,-0.68,-0.06,-0.36,-0.71,-0.1,-0.14,-0.61,-0.03,-0.2,-1.61,1.95,-0.38,-0.36,-0.73,-1.23,-0.29
1974,3,-0.06,0,-0.09,0.03,0.22,-0.12,-0.15,-0.5,-0.07,-0.35,0.48,1.26,-0.5,-0.17,0.08,0.63,-0.62
1974,4,-0.05,-0.05,-0.05,-0.05,0.11,-0.16,-0.05,-0.39,0.02,-0.26,0.6,-0.34,-0.25,-0.14,-0.21,-0.12,-0.3
1974,5,0.02,0.02,0.02,-0.14,-0.1,-0.17,0.18,0.3,0.15,-0.23,0.14,-0.62,-0.32,0.09,-0.05,-0.09,0.51
1974,6,0.01,0.02,-0,-0.12,-0.09,-0.15,0.13,0.26,0.1,0.11,-0.23,-0.32,-0.01,-0.14,-0.29,-0.17,0.58
1974,7,0.01,0.04,0,-0.05,0.07,-0.14,0.07,-0.04,0.1,-0.41,0.31,-0.62,0.14,0.03,0.44,0.43,-0.23
1974,8,0.11,0.19,0.08,-0.06,-0.04,-0.08,0.28,0.71,0.18,-0.08,0.02,0.08,-0.49,-0.1,0.29,0.4,1.01
1974,9,-0.04,-0.24,0.05,-0.11,-0.14,-0.09,0.03,-0.48,0.15,-0.3,0.29,0.26,-1.14,-0.38,-0.27,0.07,-0.24
1974,10,-0.04,-0.15,0.01,-0.2,-0.33,-0.11,0.13,0.24,0.1,-0.08,-0.34,-0.42,-0.79,-0.22,-0.27,-0.78,0.62
1974,11,-0.09,-0.36,0.03,-0.29,-0.48,-0.14,0.1,-0.1,0.14,-0.59,-0.67,0.27,0.39,-0.06,-0.71,-1.67,0.24
1974,12,-0.11,-0.33,-0.01,-0.26,-0.49,-0.09,0.04,0.02,0.05,-0.67,-0.77,1.45,0.35,-0.39,-0.09,-0.86,0.38
1975,1,0.03,0.05,0.02,0.03,0.12,-0.04,0.03,-0.1,0.05,-0.66,1.47,2.17,-0.74,-0.1,-0.26,-1.17,0.28
1975,2,0.08,0.23,0.02,0.12,0.32,-0.03,0.05,0.02,0.05,0.01,0.45,0.98,-0.16,0.04,-0.14,0.79,0.39
1975,3,0.14,0.44,-0,0.14,0.45,-0.1,0.13,0.42,0.07,-0.28,1.61,1.13,-1.16,0.09,-0.09,0.5,0.84
1975,4,0.07,0.25,-0.02,0.11,0.41,-0.12,0.03,-0.09,0.05,0.06,1.11,0.5,-0.72,0.1,0.01,0.68,-0.02
1975,5,0.12,0.4,-0,-0.01,0.16,-0.13,0.25,0.94,0.09,-0.12,0.31,0.59,0.42,-0.11,0.43,0.36,1.28
1975,6,0.06,0.22,-0.01,-0.02,0.16,-0.16,0.14,0.36,0.09,-0.1,0.37,-0.05,0.23,0.43,0.09,0.31,0.19
1975,7,0.01,0.02,0,-0.05,0.03,-0.11,0.07,-0.02,0.09,-0.24,0.08,0.32,0.39,-0.62,1.29,-0.02,-0.16
1975,8,-0.12,-0.28,-0.05,-0.11,-0.05,-0.16,-0.13,-0.8,0.03,-0.26,-0.02,0.45,-0.1,-0.07,0.14,0.09,-1.14
1975,9,0,0.08,-0.03,-0.05,0.12,-0.18,0.06,0,0.07,-0.25,0.7,1.06,-0.52,-0.01,0.72,0.07,-0.28
1975,10,-0.16,-0.29,-0.1,-0.25,-0.28,-0.22,-0.07,-0.29,-0.01,-0.42,0.09,-0.13,0.03,0.05,-0.7,-0.76,-0.04
1975,11,-0.17,-0.32,-0.11,-0.34,-0.42,-0.28,-0.01,-0.1,0.01,-0.35,0,-0.42,-0.38,-0.26,0.02,-0.96,0.02
1975,12,-0.13,-0.04,-0.17,-0.15,0.01,-0.27,-0.11,-0.15,-0.09,-0.03,0.58,-0.03,-0.76,-0.04,-0.18,0.12,-0.05
1976,1,-0.03,0.18,-0.12,0.05,0.42,-0.24,-0.11,-0.36,-0.05,-0.5,1.33,-0.3,0.08,-0.17,-0.93,0.17,0.13
1976,2,-0.07,-0.12,-0.05,-0.15,-0.08,-0.2,0,-0.21,0.05,-0.3,-0.51,-0.87,0.83,-0.26,-0.39,-0.79,0.19
1976,3,-0.17,-0.39,-0.07,-0.26,-0.39,-0.16,-0.08,-0.37,-0.01,-0.6,-1.01,-1.1,-0.19,-0.58,-0.19,0.57,-0.05
1976,4,-0.02,0.03,-0.05,0.05,0.34,-0.16,-0.1,-0.67,0.03,-0.46,0.26,-0,1.07,-0.33,-0.16,1.12,-0.59
1976,5,-0.17,-0.38,-0.07,-0.19,-0.15,-0.21,-0.15,-0.9,0.02,-0.35,-0.1,-0.06,0.05,-0.04,-0.35,-0.16,-1.01
1976,6,-0.06,-0.22,0.02,-0.15,-0.2,-0.12,0.04,-0.28,0.11,-0.27,-0.25,-0.16,-0.07,-0.17,-0.23,-0.12,-0.12
1976,7,0.01,-0.07,0.05,-0.17,-0.24,-0.12,0.2,0.31,0.17,-0.15,-0.55,-0.01,0.02,0.2,0.14,-0,0.3
1976,8,-0.06,-0.21,0.01,-0.13,-0.17,-0.1,0.02,-0.29,0.09,-0.29,-0.28,-0.73,-0.22,0.16,-0.24,0.1,-0.21
1976,9,0.01,0.01,0.01,-0.02,0.12,-0.13,0.04,-0.26,0.11,0.05,-0.03,-0.86,0.44,-0.21,-0.33,0.48,-0.09
1976,10,-0.23,-0.91,0.08,-0.47,-1.05,-0.02,0.01,-0.59,0.15,0.01,-1.65,-0.57,-0.96,-0.01,-0.65,-1.59,-0.4
1976,11,-0.08,-0.51,0.12,-0.29,-0.63,-0.04,0.14,-0.25,0.23,-0.19,-1,0.32,-0.05,0.09,-0.44,-0.4,-0.19
1976,12,0.12,-0.07,0.21,-0.17,-0.38,-0.02,0.42,0.65,0.36,0.53,-0.65,-0.17,-0.4,0.22,0.52,-0.7,0.82
1977,1,0.21,0.07,0.27,-0.04,-0.15,0.04,0.45,0.56,0.43,0.49,-2,-0.09,0.68,0.3,0.25,2.53,0.88
1977,2,0.18,0.01,0.25,0.04,-0.02,0.09,0.31,0.07,0.37,0.23,-1.14,1.58,2.41,0.2,0.57,-1.22,0.16
1977,3,0.21,0.22,0.2,0.18,0.29,0.1,0.24,0.05,0.28,-0.29,0.86,1.39,1.22,0.44,-0.11,-1.58,0.15
1977,4,0.24,0.39,0.18,0.24,0.54,0.01,0.25,0.04,0.29,-0.11,1.03,-0.34,1.26,0.29,-0.04,0.44,0.16
1977,5,0.28,0.53,0.17,0.25,0.57,0.02,0.31,0.44,0.28,0.08,0.63,-0.1,1.18,-0.2,0.02,1.05,0.87
1977,6,0.29,0.44,0.22,0.26,0.48,0.1,0.32,0.37,0.3,0.12,0.74,-0.28,0.61,0.46,-0.15,0.6,0.36
1977,7,0.24,0.32,0.2,0.14,0.14,0.14,0.34,0.73,0.25,0.32,0.08,-0.62,0.09,0.91,-0.13,0.23,0.58
1977,8,0.22,0.35,0.16,0.09,0.04,0.14,0.35,1.05,0.18,0.32,-0.19,-0.61,-0.02,0.38,0.61,0.36,1.14
1977,9,0.11,-0.07,0.19,0.2,0.21,0.19,0.03,-0.7,0.19,0.16,0.13,-0.9,0.45,0.45,-0.37,0.36,-1.21
1977,10,0.08,-0.21,0.22,-0.05,-0.36,0.18,0.22,0.12,0.24,-0.03,-0.82,-0.02,0.48,0.49,0.63,-1.13,-0.4
1977,11,0.21,0.3,0.16,0.27,0.5,0.09,0.15,-0.14,0.21,-0.12,1.4,0.96,0.21,0.31,0.41,-0.06,-0.6
1977,12,0.1,0.02,0.14,0.07,-0.02,0.14,0.13,0.09,0.13,0,0.48,-0.25,-0.87,0.3,0.4,-0.42,-0.09
1978,1,0.12,-0.01,0.17,0.18,0.19,0.18,0.05,-0.46,0.17,0.22,0.37,0.23,-0.31,0.25,0.23,0.49,-0.65
1978,2,0.15,0.16,0.15,0.09,0.05,0.13,0.21,0.43,0.17,0.8,-0.29,-0.38,0.31,0.49,0.49,0.14,0.46
1978,3,0.21,0.33,0.16,0.21,0.34,0.12,0.21,0.31,0.19,0.13,0.78,0.91,-0.28,0.37,0.76,0.19,0.2
1978,4,0.14,0.21,0.1,0.14,0.25,0.05,0.14,0.14,0.14,0.1,0.56,-0.53,0.34,0.12,0.33,-0.31,0.28
1978,5,0.11,0.08,0.13,-0.01,-0.03,0.01,0.24,0.35,0.21,0.19,-0.16,-0.65,0.05,0.11,0.62,-0.38,0.49
1978,6,0.04,-0.19,0.15,-0.1,-0.27,0.02,0.19,-0.03,0.24,-0.21,-0.08,-0.54,-0.39,0.04,0.14,-0.85,0.17
1978,7,0.12,0.01,0.17,-0.05,-0.22,0.08,0.29,0.55,0.23,-0.27,-0.22,-0.89,-0.04,1.03,0.02,-0.31,0.36
1978,8,-0.06,-0.43,0.1,-0.11,-0.3,0.03,-0.01,-0.71,0.16,0.27,-0.48,-0.87,-0.26,-0.48,-0.09,-0.2,-1.02
1978,9,0.15,0.05,0.19,0.04,-0.01,0.08,0.25,0.18,0.27,-0.02,0.12,-0.67,0.14,0.18,-0.72,-0.14,0.43
1978,10,0.06,-0.06,0.11,0,-0.12,0.09,0.11,0.06,0.12,-0.06,0.34,0.07,-0.62,0.44,-0.22,-0.6,0.05
1978,11,0.19,0.21,0.18,0.2,0.35,0.09,0.18,-0.08,0.24,-0.6,1.62,-0.02,-0.9,0.3,-0.22,0.83,0.01
1978,12,0.13,-0.04,0.2,0.07,-0.01,0.12,0.19,-0.13,0.26,0.52,-0.08,-1.18,0.34,0.16,-0.22,-0.89,-0.1
1979,1,0.17,-0.01,0.25,0.08,-0.08,0.2,0.25,0.14,0.28,1.02,-0.6,-1.03,-0.64,0.28,0.95,-0.11,-0.07
1979,2,-0.04,-0.61,0.22,-0.31,-0.9,0.14,0.24,0.05,0.28,0.74,0.51,-0.25,-3.58,0.4,0.13,-3.71,-0.06
1979,3,0.17,0.02,0.23,0.11,0.03,0.16,0.23,-0.02,0.28,0.61,-0.09,0.8,0.17,0.04,0.55,-1.01,-0.14
1979,4,0.07,-0.29,0.23,-0.17,-0.59,0.15,0.31,0.39,0.3,0.22,-0.84,-0.54,-0.15,-0.13,0.47,-1.25,0.57
1979,5,0.12,-0.06,0.2,0.05,0.01,0.07,0.2,-0.23,0.3,0.12,0.27,0.42,-0.4,0.2,-0.33,-0.15,-0.24
1979,6,0.18,-0.02,0.28,0.14,0.05,0.21,0.22,-0.19,0.32,0.01,0.11,0.96,-0.14,-0.17,0.79,-0.18,-0.33
1979,7,0.1,-0.16,0.22,0.12,0.1,0.14,0.08,-0.75,0.28,0.11,-0.02,-0.89,0.39,0.49,0.19,0.18,-1.29
1979,8,0.19,0.06,0.24,0.1,0.01,0.17,0.27,0.18,0.3,0.58,-0.31,-0.18,-0.06,1.04,0.35,0.05,-0.46
1979,9,0.27,0.23,0.28,0.22,0.26,0.2,0.31,0.15,0.34,0.25,0.07,0.19,0.53,-0.18,0.3,0.31,0.24
1979,10,0.26,0.24,0.27,0.2,0.25,0.15,0.32,0.21,0.35,0.45,0.07,-0.46,0.62,0.53,0.24,-0.38,0.01
1979,11,0.28,0.17,0.33,0.17,0.15,0.17,0.39,0.2,0.43,0.11,-0.04,0.15,0.58,0.05,0.95,0.3,0.14
1979,12,0.5,0.8,0.36,0.55,0.95,0.24,0.45,0.46,0.44,-0.28,1.72,1.11,1.41,0.27,0.97,0.3,0.54
1980,1,0.34,0.31,0.36,0.27,0.31,0.25,0.41,0.3,0.44,0.67,-0.32,-1.34,1.06,0.36,0.41,0.85,0.38
1980,2,0.43,0.67,0.33,0.45,0.82,0.18,0.41,0.32,0.43,0.44,0.1,0.13,1.71,0.4,0.28,2.29,0.46
1980,3,0.33,0.28,0.36,0.09,-0.05,0.19,0.58,1.02,0.47,0.45,-0.85,-0.9,0.23,0.79,0.85,0.55,1.08
1980,4,0.31,0.4,0.27,0.18,0.21,0.15,0.44,0.83,0.35,0.46,-0.1,-0.42,0.83,0.56,0.67,-0.18,0.98
1980,5,0.36,0.5,0.3,0.29,0.41,0.2,0.44,0.71,0.38,0.33,0.29,-1.09,1.1,0.81,1.04,0.4,0.49
1980,6,0.25,0.21,0.27,0.22,0.25,0.2,0.28,0.12,0.31,0.24,0.18,0.05,0.27,0.33,0.64,0.19,0.05
1980,7,0.28,0.34,0.25,0.19,0.18,0.2,0.37,0.72,0.29,0.1,0.15,-0.52,0.53,0.34,0.36,-0.06,1.01
1980,8,0.25,0.38,0.19,0.13,0.1,0.15,0.37,1.04,0.21,0.35,-0.06,-0.17,0.26,0.58,0.68,0.25,1.08
1980,9,0.21,0.28,0.19,0.08,-0.01,0.15,0.35,0.93,0.21,0.22,0.13,0.06,-0.23,-0.02,1.02,-0.17,1.15
1980,10,0.17,0.22,0.15,0.16,0.29,0.05,0.19,0.07,0.22,0.29,0.28,-0.06,0.21,0.32,0.48,0.8,-0.17
1980,11,0.26,0.32,0.24,0.17,0.27,0.09,0.36,0.44,0.34,0.37,0.88,-0.66,0.98,-0.06,0.97,-1.66,0.55
1980,12,0.23,0.2,0.25,0.14,0.17,0.12,0.33,0.27,0.34,-0.19,1.56,-0.13,-1.1,0.28,0.67,-0.65,0.24
1981,1,0.52,1.14,0.24,0.79,1.66,0.13,0.25,-0.04,0.31,-0.52,1.99,0.07,3.41,0.16,0.53,3.74,0
1981,2,0.41,0.88,0.19,0.59,1.17,0.15,0.22,0.23,0.22,-0.04,1.2,0.21,2.26,0.32,0.17,1.46,0.36
1981,3,0.46,0.88,0.27,0.6,1.08,0.24,0.31,0.43,0.29,0.53,0.96,0.8,2.41,0.46,-0.25,0.45,0.72
1981,4,0.32,0.53,0.22,0.38,0.65,0.17,0.26,0.27,0.26,0.33,0.96,-0.33,0.73,0.3,1.3,0.48,0.04
1981,5,0.27,0.3,0.26,0.24,0.34,0.17,0.3,0.22,0.32,0.1,0.21,-0.03,0.34,0.9,0.5,0.87,-0.09
1981,6,0.29,0.31,0.28,0.32,0.45,0.21,0.26,0,0.32,0.2,0.55,0.34,0.3,-0.05,0.22,0.59,0.32
1981,7,0.27,0.35,0.23,0.13,0.16,0.11,0.4,0.78,0.31,0.05,0.29,-0.17,0.31,-0.15,0.67,-0.09,1.26
1981,8,0.33,0.64,0.19,0.21,0.35,0.1,0.46,1.3,0.26,0.08,0.39,-0.22,0.59,0.56,0.63,0.54,1.63
1981,9,0.2,0.2,0.2,0.17,0.17,0.17,0.23,0.25,0.23,-0.05,0.03,0.43,0.43,-0.16,1.03,0.14,0.35
1981,10,0.22,0.25,0.21,0.27,0.38,0.18,0.17,-0.04,0.22,0.32,-0.1,0.76,0.2,0.18,0.38,1.22,0
1981,11,0.24,0.38,0.18,0.35,0.58,0.18,0.14,-0.07,0.19,-0.26,0.1,-0.17,1.91,0.32,-0.32,1.69,-0.19
1981,12,0.44,0.77,0.28,0.58,1.02,0.23,0.3,0.2,0.32,0.66,1.46,-0.45,1.25,0.31,0.5,1.06,0.03
1982,1,0.09,-0.31,0.27,-0.09,-0.5,0.21,0.27,0.12,0.3,0.54,0.26,-0.39,-2.27,0.15,0.68,-2.06,-0.09
1982,2,0.17,0.21,0.16,0.2,0.24,0.18,0.14,0.14,0.14,-0.12,0.71,-0.18,-0.38,0.02,0.21,1.12,0.1
1982,3,0.03,-0.27,0.17,0.03,-0.2,0.2,0.04,-0.42,0.15,-0.05,-0.59,0.43,-0.21,0.25,-0.25,-0.28,-0.72
1982,4,0.14,0.06,0.17,0.19,0.22,0.16,0.09,-0.3,0.18,0.06,1.28,-0.23,-1.11,0.25,0.25,0.15,-0.62
1982,5,0.18,0.02,0.25,0.09,-0.1,0.22,0.27,0.28,0.27,-0.18,0.27,0.18,-0.2,0.34,0.16,-0.67,0.34
1982,6,0.09,-0.15,0.2,0.06,-0.1,0.18,0.12,-0.28,0.22,0.27,-0.1,-0.08,-0.29,0.48,-0.54,-0.34,-0.41
1982,7,0.19,0.25,0.17,0.1,0.16,0.05,0.29,0.44,0.25,0.42,0.07,0.11,0.07,0.67,-0.38,0.24,0.41
1982,8,0.09,-0.04,0.15,-0,-0.07,0.05,0.18,0.02,0.22,0.16,-0.09,0.15,-0.4,0.67,0.93,-0.19,-0.67
1982,9,0.16,0.02,0.22,0.09,0.12,0.08,0.22,-0.2,0.32,0.41,0.03,0.99,-0.11,0.45,0.05,-0.22,-0.54
1982,10,0.15,-0.15,0.28,0.02,-0.18,0.18,0.27,-0.08,0.35,0.03,-0.33,0.31,-0.14,0.32,-0.22,-1.22,0.04
1982,11,0.13,-0.17,0.26,-0.14,-0.56,0.17,0.4,0.71,0.33,-0.56,-0.1,0.62,-1.05,0.4,0.89,-1.6,0.64
1982,12,0.43,0.62,0.34,0.37,0.59,0.2,0.48,0.68,0.44,-0.19,1.25,1.3,0.65,0.45,0.83,0.4,0.67
1983,1,0.47,0.64,0.4,0.43,0.71,0.23,0.51,0.48,0.51,-0.86,1.86,1.97,0.74,0.93,0.26,0.46,0.34
1983,2,0.45,0.6,0.38,0.32,0.54,0.15,0.57,0.73,0.53,0.63,0.84,-0.29,0.81,0.83,1.5,-0.15,0.35
1983,3,0.4,0.56,0.33,0.38,0.6,0.21,0.42,0.47,0.41,0.23,0.89,0.8,0.01,0.83,0.6,0.88,0.04
1983,4,0.25,0.12,0.31,0.03,-0.14,0.15,0.47,0.69,0.42,0.71,-0.17,1.12,-0.66,0.84,-0.38,-0.7,0.61
1983,5,0.35,0.41,0.32,0.08,-0.06,0.19,0.62,1.48,0.42,0.95,0.1,0.69,-1.21,0.99,0.51,-0.73,1.49
1983,6,0.26,0.15,0.31,0.17,0.13,0.21,0.35,0.2,0.39,0.55,-0.03,-0.05,0.2,0.03,0.41,0.25,0.14
1983,7,0.19,0.06,0.25,0.24,0.34,0.16,0.14,-0.57,0.31,0.77,0.2,0.76,0.25,0.59,-0.24,0.02,-1.1
1983,8,0.34,0.46,0.28,0.29,0.49,0.14,0.38,0.38,0.37,0.48,0.35,-0.02,0.76,0.3,0.72,0.06,0.4
1983,9,0.38,0.68,0.24,0.26,0.41,0.14,0.5,1.3,0.32,0.6,0.53,0.53,0.3,0.11,1.26,0.32,1.38
1983,10,0.21,0.16,0.23,0.11,0.13,0.1,0.31,0.23,0.33,-0.16,0.41,0.14,0.17,0.37,0.78,-0.2,-0.01
1983,11,0.33,0.59,0.22,0.49,1,0.1,0.18,-0.34,0.3,0.58,1.74,-0.47,1.49,0.37,0.36,0.6,-0.82
1983,12,0.23,0.21,0.23,0.2,0.3,0.12,0.25,0,0.31,0.24,1.68,0.11,-2.05,0.55,0.2,0.84,-0.3
1984,1,0.28,0.39,0.22,0.31,0.6,0.1,0.24,-0.08,0.31,-0.28,1.15,1.1,-0.25,0.22,-0.72,1.58,0.11
1984,2,0.18,0.03,0.25,0.06,-0.01,0.12,0.3,0.1,0.34,0.04,-1.08,0.26,1.68,0.34,0.02,0.19,-0.04
1984,3,0.27,0.41,0.21,0.24,0.42,0.11,0.3,0.4,0.28,0.63,0.68,-0.49,0.29,0.35,-0.49,0.31,0.55
1984,4,0.11,-0.08,0.2,-0.02,-0.14,0.07,0.25,0.05,0.29,0.45,-0.62,0.21,0.57,-0.06,0.21,-0.97,0.23
1984,5,0.34,0.69,0.18,0.26,0.49,0.08,0.42,1.14,0.25,0.61,0.91,0.13,0.01,0.52,0.6,0.5,1.25
1984,6,0.1,-0.04,0.16,0.09,0.19,0.02,0.1,-0.55,0.26,0.04,0.22,-0.57,0.43,-0.21,0.25,0.58,-0.78
1984,7,0.15,0.16,0.15,0.09,0.1,0.08,0.22,0.28,0.2,0.06,0.13,-0.63,0.21,0.34,-0.19,0.51,0.23
1984,8,0.19,0.19,0.19,0.1,0.2,0.03,0.28,0.16,0.3,0.5,-0.17,-0.43,0.67,-0.29,0.25,0.09,0.37
1984,9,0.21,0.12,0.26,0.07,0.03,0.1,0.36,0.32,0.37,0.43,-0.12,0.09,-0.65,-0.04,-0.63,0.43,0.71
1984,10,0.13,0.11,0.14,0.03,0.1,-0.03,0.24,0.13,0.27,0.27,-0.24,0.9,-0.21,0.6,0.19,0.41,-0.21
1984,11,0.05,-0.15,0.14,-0.09,-0.19,-0.01,0.19,-0.05,0.25,-0.08,-0.61,0.36,-0.38,0.06,0.46,-0.29,-0.13
1984,12,0,-0.33,0.16,-0.33,-0.67,-0.08,0.34,0.42,0.32,-0.15,-1.64,0.06,-0.72,-0.1,0.26,0.33,0.8
1985,1,0.27,0.48,0.18,0.18,0.5,-0.05,0.36,0.43,0.34,0.82,-0.26,-2.41,1.49,0.08,0.75,1.23,0.48
1985,2,0.03,-0.34,0.2,-0.21,-0.48,-0.01,0.28,-0.03,0.35,0.14,-0.45,-3.04,-1.16,0.08,0.85,-0.63,-0.03
1985,3,0.21,0.29,0.17,0.04,0.14,-0.04,0.38,0.63,0.32,0.5,-0.47,-0.7,1.04,0.44,0.91,0.29,0.56
1985,4,0.12,0.12,0.12,-0.02,0.02,-0.05,0.26,0.35,0.24,-0.38,0.62,0.12,0.26,0.17,0.34,-1.07,0.59
1985,5,0.19,0.19,0.18,0.1,0.23,0.01,0.27,0.12,0.3,0.13,-0.03,0.51,0.94,0.49,0.51,-0.03,-0.18
1985,6,0.18,0.24,0.16,0.09,0.2,0.01,0.27,0.35,0.26,0.39,0.15,-0.44,-0.06,0.11,-0.22,0.58,0.62
1985,7,0.03,-0.25,0.15,-0.05,-0.14,0.01,0.11,-0.51,0.25,0.02,-0.37,-0.17,0.01,0.1,0.28,-0.08,-0.84
1985,8,0.17,0.2,0.15,0.02,0.07,-0.02,0.31,0.49,0.27,0.33,0.19,0.4,-0.38,0.06,0.73,-0.08,0.42
1985,9,0.15,0.05,0.2,0.05,0.02,0.08,0.25,0.13,0.28,0.08,0.01,0.01,-0.25,0.08,-0.08,0.55,0.22
1985,10,0.12,-0.03,0.19,-0.01,-0.08,0.04,0.26,0.07,0.3,0.13,0.05,0.21,-0.29,0.38,-0.01,-0.2,-0.04
1985,11,0.08,-0.03,0.13,0.06,0.01,0.09,0.11,-0.13,0.16,0.34,0.62,-0.88,-1.73,0.38,0.33,0.69,-0.46
1985,12,0.18,0.16,0.18,0.19,0.34,0.07,0.17,-0.25,0.27,0.03,0.25,0.27,0.52,0.28,0.32,1.22,-0.6
1986,1,0.25,0.5,0.14,0.33,0.67,0.07,0.17,0.13,0.18,-0.13,0.87,0.34,2.32,0.41,0.19,-0.17,-0.13
1986,2,0.39,0.8,0.21,0.35,0.73,0.07,0.43,0.97,0.31,0.65,0.38,-2.23,1.88,0.16,0.6,1.73,1.25
1986,3,0.32,0.58,0.2,0.29,0.58,0.07,0.35,0.6,0.29,0.39,0.58,0.24,1.1,-0,1.18,0.35,0.51
1986,4,0.25,0.37,0.19,0.18,0.27,0.12,0.31,0.58,0.25,0.53,0.38,0.29,0.37,0.64,0.59,-0.37,0.41
1986,5,0.25,0.38,0.2,0.2,0.28,0.14,0.31,0.63,0.24,0.22,0.08,0.69,0.56,0.64,0.92,0.23,0.22
1986,6,0.18,0.04,0.24,0.15,0.15,0.15,0.21,-0.2,0.3,0.26,0.25,0.49,-0.08,0.52,0.63,-0.09,-0.72
1986,7,0.17,0.03,0.23,0.05,-0.03,0.12,0.28,0.17,0.3,0.15,0.03,-0.05,-0.24,0.38,0.17,-0.09,0.04
1986,8,0.19,0.14,0.22,0.11,0.07,0.14,0.28,0.3,0.27,0.6,-0.09,0.2,-0.1,0.59,-0.2,-0.27,0.18
1986,9,0.13,-0.14,0.25,0.04,-0.1,0.14,0.22,-0.22,0.32,0.24,-0.01,-0.45,-0.18,-0.02,0.48,-0.43,-0.34
1986,10,0.16,-0.11,0.28,0.01,-0.15,0.14,0.31,-0.01,0.38,-0.01,0.26,0.33,-0.53,0.12,-0.17,-0.56,0.2
1986,11,0.14,-0.1,0.25,0.04,-0.11,0.16,0.24,-0.07,0.31,-0.3,0.69,0.46,-1.68,0.24,0.08,0.33,-0.09
1986,12,0.19,0.09,0.24,0.1,0.04,0.15,0.28,0.19,0.3,-0.47,-0.24,-0.64,1.95,0.59,0.31,-0.22,-0.13
1987,1,0.33,0.47,0.27,0.28,0.46,0.14,0.39,0.49,0.37,0.52,-0.08,-2.97,2.69,0.58,0.24,-0.01,0.38
1987,2,0.38,0.56,0.29,0.39,0.71,0.14,0.37,0.23,0.4,0.86,1.29,0.08,1.9,0.63,-0.14,-1.3,0.07
1987,3,0.2,-0.1,0.34,0.04,-0.19,0.21,0.37,0.1,0.43,0.65,-0.32,-2.52,0.62,0.66,-0.23,-0.58,-0.16
1987,4,0.27,0.12,0.34,0.09,-0.06,0.2,0.45,0.51,0.43,0.41,-0.61,-0.22,1.2,0.84,0.88,-0.69,-0.08
1987,5,0.3,0.22,0.33,0.28,0.3,0.26,0.31,0.02,0.38,1.1,0.21,-0.64,0.53,0.06,0.21,-0.33,-0.33
1987,6,0.34,0.36,0.33,0.2,0.11,0.27,0.48,0.91,0.38,0.28,-0.28,-0.27,0.72,0.7,0.89,-0.31,0.87
1987,7,0.45,0.61,0.38,0.33,0.39,0.29,0.58,1.13,0.45,0.99,0.13,0.18,0.21,1.55,0.32,0.26,0.7
1987,8,0.29,0.04,0.4,0.33,0.3,0.36,0.24,-0.56,0.43,0.96,0.36,-0.78,-0.2,0.38,0.14,0.11,-1.16
1987,9,0.38,0.25,0.43,0.34,0.28,0.38,0.42,0.19,0.47,0.72,0.08,0.67,0.76,0.46,0.35,-0.31,-0.11
1987,10,0.32,0.13,0.4,0.19,-0.03,0.35,0.45,0.49,0.44,0.37,-0.35,0.37,0.13,0.95,0.82,0.21,0.09
1987,11,0.24,-0.2,0.44,0.04,-0.43,0.39,0.45,0.34,0.47,0.71,-1.32,0.21,1.21,0.9,0.57,-1.67,-0.27
1987,12,0.43,0.53,0.39,0.47,0.64,0.34,0.4,0.31,0.42,0.97,0.52,0.26,2.2,0.5,0.26,-0.82,-0.04
1988,1,0.51,0.67,0.44,0.51,0.69,0.38,0.51,0.64,0.48,0.6,1.24,1.78,-0.06,0.69,1.04,0.58,0.33
1988,2,0.45,0.45,0.45,0.45,0.62,0.32,0.45,0.07,0.53,0.85,-0.07,0.95,0.73,0.56,0.25,1.37,-0.2
1988,3,0.5,0.67,0.42,0.44,0.57,0.34,0.55,0.89,0.48,0.7,0.39,-0.05,1.39,0.99,0.84,0.73,0.57
1988,4,0.42,0.55,0.36,0.41,0.55,0.31,0.43,0.55,0.4,0.97,0.42,-0.07,1.18,0.47,0.74,-0.11,0.35
1988,5,0.44,0.68,0.33,0.44,0.67,0.27,0.43,0.72,0.37,0.76,0.28,0.72,0.84,0.03,1.1,0.89,0.76
1988,6,0.42,0.65,0.32,0.43,0.67,0.25,0.42,0.61,0.37,0.59,0.68,0.37,0.87,-0.08,0.94,0.55,0.66
1988,7,0.34,0.45,0.29,0.45,0.67,0.28,0.23,-0.06,0.3,0.51,0.71,0.94,0.66,-0.38,0.98,0.88,-0.24
1988,8,0.39,0.58,0.3,0.3,0.35,0.26,0.47,1.12,0.32,0.47,0.21,0.34,0.61,0.53,0.72,0.23,0.99
1988,9,0.35,0.58,0.25,0.32,0.52,0.17,0.39,0.71,0.31,0.23,0.87,0.29,0.31,0.43,1.02,0.74,0.61
1988,10,0.33,0.54,0.23,0.21,0.3,0.15,0.44,1.08,0.29,-0.03,0.81,0.07,0.41,0.31,1.76,0.39,0.94
1988,11,0.14,0.06,0.17,0.07,0.1,0.05,0.2,-0.02,0.25,0.05,1.12,-1.83,0.58,0.39,0.06,-1.01,-0.13
1988,12,0.28,0.57,0.14,0.39,0.86,0.04,0.16,-0.11,0.22,-0.48,2.42,0.12,0.47,0.38,-0.01,0.91,-0.14
1989,1,0.09,-0.14,0.2,-0,-0.12,0.09,0.19,-0.18,0.27,-1.04,0.62,1.72,0.25,0.18,0.18,-1.51,-0.12
1989,2,0.31,0.55,0.2,0.4,0.79,0.1,0.22,0.02,0.27,-0.83,1.73,2.39,-0.4,0.46,0.57,2.76,-0.08
1989,3,0.31,0.51,0.21,0.37,0.72,0.1,0.24,0.06,0.29,-0.21,2.11,2.5,-1.09,0.05,0.12,0.91,0.12
1989,4,0.26,0.37,0.21,0.29,0.44,0.18,0.23,0.22,0.24,0.04,-0.06,1.37,1.1,0.38,0.44,0.59,0.15
1989,5,0.18,0.05,0.23,0.25,0.3,0.21,0.11,-0.49,0.25,0.27,0.61,0.74,0.01,-0.17,0.86,0.1,-0.93
1989,6,0.19,0.1,0.23,0.29,0.34,0.25,0.09,-0.44,0.21,0.3,0.17,0.28,0.52,0.58,-0.18,0.69,-0.82
1989,7,0.28,0.22,0.31,0.34,0.36,0.32,0.22,-0.09,0.3,0.22,0.23,0.43,0.76,-0.09,0.13,0.31,-0.05
1989,8,0.3,0.31,0.29,0.3,0.3,0.3,0.29,0.32,0.28,0.56,0.02,0.53,0.36,0.58,-0.43,0.49,0.23
1989,9,0.35,0.48,0.3,0.31,0.37,0.27,0.4,0.73,0.32,0.59,0.08,0.45,0.18,-0,0.52,0.51,1.02
1989,10,0.3,0.4,0.26,0.25,0.28,0.23,0.35,0.65,0.27,0.05,0.63,0.56,0.07,0.18,0.69,-0.26,0.83
1989,11,0.15,-0.09,0.26,0.06,-0.14,0.22,0.24,0.03,0.29,0.37,0.42,-0.06,-0.67,0.49,0.02,-1.25,-0.19
1989,12,0.4,0.68,0.28,0.43,0.72,0.21,0.37,0.58,0.32,0.69,1.88,0.54,-0.82,0.38,0.43,0.61,0.54
1990,1,0.36,0.54,0.29,0.39,0.56,0.26,0.34,0.51,0.3,0.34,-0.1,1.14,1.57,0.55,0.65,-0.44,0.47
1990,2,0.38,0.41,0.36,0.45,0.64,0.31,0.3,-0.09,0.4,0.08,1.57,3.61,-1,0.31,-0.04,-0.5,-0.12
1990,3,0.7,1.51,0.33,1.04,1.97,0.34,0.36,0.48,0.33,0.06,3.1,2.49,1.72,0.53,0.98,2.79,0.1
1990,4,0.56,1.05,0.34,0.69,1.19,0.32,0.44,0.75,0.36,0.75,1,0.68,0.8,0.74,0.44,2.57,0.54
1990,5,0.47,0.76,0.35,0.54,0.85,0.3,0.41,0.54,0.38,0.45,0.92,0.61,0.22,0.25,0.91,1.89,0.36
1990,6,0.36,0.44,0.32,0.47,0.72,0.28,0.25,-0.18,0.35,0.75,0.61,0.12,0.84,0.23,0.06,1.07,-0.49
1990,7,0.39,0.43,0.36,0.32,0.28,0.34,0.45,0.77,0.38,0.35,0.22,0.12,0.33,-0.11,0.72,0.65,0.95
1990,8,0.33,0.33,0.33,0.41,0.46,0.37,0.25,0.02,0.3,0.51,0.33,0.56,0.32,0.77,0.19,0.57,-0.37
1990,9,0.31,0.28,0.32,0.44,0.55,0.36,0.17,-0.33,0.29,0.47,0.19,-0.36,0.89,-0.12,0.12,0.56,-0.38
1990,10,0.39,0.49,0.35,0.42,0.43,0.42,0.37,0.62,0.3,0.74,0.8,0.8,-0.6,0.76,0.57,-0.13,0.29
1990,11,0.38,0.46,0.34,0.38,0.34,0.41,0.37,0.72,0.29,1,1.03,0.8,-0.21,0.74,1.27,-1.88,0.1
1990,12,0.4,0.56,0.32,0.41,0.48,0.35,0.39,0.75,0.3,1.01,1.48,0.58,-1.15,0.44,0.91,-0.55,0.53
1991,1,0.4,0.54,0.34,0.54,0.77,0.37,0.26,0.01,0.32,0.33,1.38,1.25,-0.3,0.3,0.46,0.9,-0.14
1991,2,0.48,0.85,0.31,0.55,0.86,0.31,0.41,0.81,0.32,0.65,0.38,-0.96,2.66,0.53,0.63,0.28,0.61
1991,3,0.36,0.41,0.34,0.39,0.47,0.33,0.33,0.28,0.35,0.44,-0.2,1.25,1.08,0.61,0.48,0.49,-0.14
1991,4,0.51,0.74,0.4,0.54,0.77,0.36,0.47,0.65,0.43,0.37,1.15,0.17,0.98,0.51,0.51,0.9,0.59
1991,5,0.42,0.53,0.37,0.41,0.61,0.26,0.42,0.34,0.44,0.17,0.58,-1.17,1.08,0.78,0.52,1.38,-0.2
1991,6,0.53,0.87,0.37,0.49,0.7,0.33,0.56,1.26,0.4,0.46,0.77,-0.22,0.87,0.59,1.39,0.91,1.16
1991,7,0.47,0.69,0.37,0.46,0.59,0.36,0.49,0.92,0.38,0.35,0.72,0.71,0.34,0.21,0.63,1.05,1.12
1991,8,0.4,0.58,0.32,0.36,0.47,0.29,0.43,0.82,0.34,0.26,0.26,0.78,0.61,0.21,0.4,0.81,1.07
1991,9,0.42,0.64,0.32,0.38,0.58,0.22,0.46,0.77,0.39,0.46,0.57,0.64,0.27,0.47,0.54,1.04,0.72
1991,10,0.32,0.47,0.25,0.34,0.53,0.19,0.31,0.35,0.3,0.14,0.95,0.23,-0.19,0.1,1.1,0.73,0.26
1991,11,0.28,0.37,0.24,0.33,0.48,0.22,0.23,0.1,0.26,0.17,1.29,0.48,-0.73,0.27,0.22,0.86,0.03
1991,12,0.28,0.33,0.25,0.22,0.28,0.18,0.33,0.43,0.31,-0.4,0.39,-0.22,0.75,0.48,0.03,0.35,0.69
1992,1,0.45,0.77,0.3,0.52,0.95,0.2,0.37,0.36,0.37,-0.14,1.51,0.99,2.11,0.52,0,0.57,0.34
1992,2,0.43,0.7,0.31,0.45,0.76,0.22,0.41,0.57,0.38,0.11,1.31,1.08,1.11,0.24,0.44,0.6,0.53
1992,3,0.47,0.81,0.31,0.49,0.81,0.25,0.44,0.81,0.35,0.25,0.42,1.1,1.63,0.82,0.97,1.51,0.51
1992,4,0.27,0.2,0.3,0.16,0.08,0.22,0.37,0.47,0.35,0.38,-0.06,-0.06,-0.06,0.67,0.83,-0.45,0.16
1992,5,0.32,0.31,0.33,0.17,0.1,0.22,0.48,0.78,0.41,0.11,0.33,0.51,-0.4,0.78,0.54,0.09,0.64
1992,6,0.27,0.18,0.31,0.1,-0.11,0.25,0.45,0.85,0.35,0.31,-0.4,0.54,-0.22,1.08,0.51,-0.24,0.62
1992,7,0.12,-0.11,0.22,-0,-0.22,0.16,0.25,0.15,0.27,0.03,-0.3,0.15,-0.64,-0.46,0.61,0,0.35
1992,8,0.12,-0.08,0.2,-0.01,-0.13,0.08,0.24,0.05,0.29,0.02,-0.32,1.37,-0.49,0.04,0.35,-0.19,0.19
1992,9,0.03,-0.31,0.19,-0.11,-0.33,0.06,0.18,-0.27,0.28,0.19,-0.5,0.13,-0.67,-0.13,0.14,-0.58,-0.37
1992,10,0.07,-0.15,0.17,-0.13,-0.38,0.05,0.27,0.38,0.24,0.31,-0.5,-1,0.14,0.25,-0.16,-1.2,0.47
1992,11,0.06,-0.16,0.16,-0.03,-0.13,0.04,0.15,-0.21,0.24,-0.07,-0.3,0.13,0.29,-0.18,-0.56,-0.81,0.02
1992,12,0.19,0.25,0.16,0.21,0.41,0.05,0.17,-0.13,0.24,0.34,1.39,0.28,-0.34,0.07,-0.18,0.22,-0.25
1993,1,0.34,0.49,0.28,0.36,0.58,0.2,0.32,0.27,0.33,-0.21,1.47,1.37,0.46,0.29,0.48,0.71,0.32
1993,2,0.39,0.66,0.26,0.52,0.99,0.17,0.25,-0.09,0.33,-0.33,2.25,0.3,-0.15,0.09,-0.14,1.77,0.25
1993,3,0.36,0.61,0.24,0.4,0.77,0.12,0.31,0.24,0.33,0.18,1.36,0.08,0.92,0.65,0.41,0.76,0.12
1993,4,0.29,0.38,0.26,0.28,0.41,0.18,0.31,0.31,0.31,0.34,-0.02,0.45,0.44,0.58,1,0.91,-0.07
1993,5,0.28,0.24,0.3,0.3,0.38,0.24,0.26,-0.09,0.35,0.41,-0.04,1.07,0.74,0.35,0.69,0.81,-0.56
1993,6,0.28,0.24,0.3,0.29,0.34,0.25,0.27,-0,0.33,0.49,0.27,-0.12,0.06,0.61,0.28,0.77,-0.32
1993,7,0.23,0.24,0.22,0.19,0.23,0.15,0.27,0.27,0.27,0.54,0.18,-0.43,0.03,0.22,0.84,0.67,-0.06
1993,8,0.18,0.06,0.24,0.12,0.1,0.13,0.25,-0.02,0.32,0.55,-0.15,-0.03,0.06,0.3,0.61,-0.02,-0.36
1993,9,0.18,0.05,0.24,0.06,0.01,0.1,0.29,0.14,0.33,0.64,-0.28,-0.78,-0.26,0.29,0.18,0.16,-0.02
1993,10,0.25,0.3,0.23,0.19,0.28,0.12,0.31,0.34,0.31,0.95,-0,-0.09,0.17,0.67,-0.14,0.38,0.09
1993,11,0.09,-0.23,0.23,-0.09,-0.38,0.13,0.27,0.11,0.31,0.98,-1.14,-2.16,-0.65,0.43,0.57,0.07,-0.24
1993,12,0.22,0.2,0.23,0.25,0.36,0.17,0.18,-0.16,0.26,0.77,0.2,0.95,1.04,0.52,-0.21,-0.86,-0.54
1994,1,0.24,0.26,0.24,0.27,0.36,0.2,0.22,0.05,0.26,0.36,0.9,1.94,-0.85,0.45,0.75,-0.63,-0.22
1994,2,0.05,-0.29,0.2,-0.03,-0.3,0.18,0.13,-0.26,0.22,-0.04,-0.29,-0.4,-1.25,0.25,0.2,-0.16,-0.37
1994,3,0.31,0.39,0.28,0.41,0.65,0.23,0.21,-0.21,0.31,0.6,0.74,1.31,1.33,0.37,-0.31,0.11,-0.42
1994,4,0.37,0.6,0.27,0.45,0.67,0.28,0.29,0.43,0.26,0.6,0.64,1.09,0.58,0.43,0.12,0.66,0.38
1994,5,0.34,0.38,0.31,0.39,0.59,0.25,0.28,-0.09,0.36,0.63,0.67,0.19,0.73,1.02,0.43,0.52,-0.84
1994,6,0.39,0.67,0.27,0.4,0.62,0.24,0.39,0.81,0.29,0.22,0.77,-0.02,0.86,0.78,0.26,0.49,0.92
1994,7,0.3,0.34,0.29,0.32,0.33,0.32,0.29,0.37,0.27,0.06,0.18,1.49,0.56,0.31,0.37,0.53,0.37
1994,8,0.26,0.16,0.31,0.37,0.4,0.35,0.16,-0.39,0.28,0.37,0.21,1.04,0.53,0.43,-0.12,0.54,-0.8
1994,9,0.35,0.52,0.28,0.37,0.45,0.31,0.33,0.68,0.25,0.33,0.28,1.19,0.97,0.86,0.25,0.53,0.43
1994,10,0.42,0.65,0.32,0.55,0.77,0.39,0.29,0.37,0.27,0.34,1.07,0.19,0.8,0.6,0.54,1.18,0.1
1994,11,0.41,0.52,0.36,0.44,0.52,0.39,0.38,0.52,0.34,0.25,1.21,0.7,0.61,0.59,0.37,-0.74,0.27
1994,12,0.35,0.37,0.35,0.36,0.36,0.36,0.35,0.4,0.34,-0.06,0.22,0.8,1.24,0.96,0.73,0.05,-0.16
1995,1,0.5,0.91,0.32,0.76,1.32,0.32,0.25,-0.04,0.32,0.02,1.79,1.04,1.66,0.56,0.4,2.11,-0.54
1995,2,0.73,1.54,0.36,1.13,2.16,0.35,0.32,0.14,0.36,0.33,3.35,3.05,0.95,0.32,-0.08,3.23,0.07
1995,3,0.48,0.8,0.34,0.59,0.96,0.31,0.37,0.41,0.36,0.65,1.45,1.08,0.32,0.6,-0.14,0.92,0.25
1995,4,0.47,0.86,0.3,0.71,1.24,0.3,0.24,-0.02,0.3,0.23,1.3,0.43,0.59,0.45,-0.04,3.06,-0.26
1995,5,0.33,0.37,0.32,0.44,0.63,0.3,0.23,-0.21,0.33,0.61,0.58,0.18,0.42,0.48,0.15,1.07,-0.63
1995,6,0.46,0.71,0.35,0.56,0.82,0.36,0.36,0.45,0.34,0.85,0.73,0.65,0.85,0.64,0.58,0.81,0.14
1995,7,0.5,0.73,0.4,0.41,0.41,0.41,0.59,1.45,0.39,0.73,0.32,0.81,0.14,0.93,0.64,0.28,1.31
1995,8,0.5,0.85,0.35,0.59,0.82,0.42,0.41,0.91,0.3,1.06,0.74,0.71,0.79,0.65,0.92,0.93,0.53
1995,9,0.39,0.64,0.28,0.49,0.73,0.32,0.29,0.44,0.26,0.85,0.57,-0.09,0.63,0.81,0.97,1.2,-0.23
1995,10,0.42,0.68,0.3,0.52,0.79,0.32,0.32,0.45,0.29,0.54,1.2,1.14,0.19,0.71,0.19,0.78,0.16
1995,11,0.43,0.73,0.3,0.57,0.92,0.31,0.3,0.3,0.3,0.27,1.96,-0.89,-0.04,0.57,0.53,1.33,-0.22
1995,12,0.29,0.36,0.25,0.37,0.44,0.32,0.2,0.18,0.21,0.74,0.94,-1.06,-0.02,0.73,0.06,0,-0.12
1996,1,0.27,0.28,0.27,0.33,0.39,0.3,0.21,0.04,0.25,1.07,0.23,0.05,-0.78,0.33,0.35,1.09,-0.27
1996,2,0.48,0.85,0.32,0.58,1.03,0.24,0.39,0.46,0.37,0.74,1.02,-1.07,1.54,0.4,0.37,1.72,0.32
1996,3,0.38,0.48,0.34,0.39,0.57,0.25,0.38,0.28,0.4,0.5,0.63,-1.08,-0.18,0.62,0.38,2.07,-0.04
1996,4,0.33,0.33,0.34,0.21,0.14,0.26,0.46,0.75,0.39,0.22,-0.4,0.21,0.31,0.45,0.31,0.73,0.95
1996,5,0.33,0.35,0.33,0.4,0.57,0.27,0.27,-0.15,0.36,0.83,0.65,0.58,0.09,0.68,0.47,0.44,-0.81
1996,6,0.28,0.17,0.33,0.3,0.26,0.33,0.26,-0.03,0.33,0.22,0.13,0.41,0.75,-0.28,1.74,0.07,-0.55
1996,7,0.38,0.53,0.31,0.35,0.44,0.28,0.41,0.76,0.33,0.28,0.63,-0.21,0.31,0.18,0.97,0.33,0.89
1996,8,0.43,0.64,0.33,0.24,0.09,0.35,0.62,1.9,0.32,0.59,-0.25,0.68,0.12,1.01,0.77,-0.37,2.07
1996,9,0.28,0.2,0.32,0.15,-0.06,0.32,0.41,0.8,0.32,0.61,-0.19,-1.1,0.22,0.35,0.73,-0.57,0.86
1996,10,0.21,0.06,0.27,0.08,-0.12,0.22,0.34,0.48,0.31,0.27,0.19,0.39,-0.59,0.59,0.76,-0.5,0.19
1996,11,0.39,0.63,0.28,0.43,0.73,0.21,0.34,0.4,0.32,0.07,0.97,1.17,-0.61,0.35,0.33,2.31,0.38
1996,12,0.36,0.47,0.31,0.36,0.56,0.2,0.36,0.26,0.38,0.67,0.9,-0.56,0.55,0.51,0.38,0.14,0.07
1997,1,0.26,0.18,0.29,0.27,0.29,0.26,0.24,-0.05,0.31,0.64,0.81,0.24,0.2,0.43,-0.04,-0.7,-0.05
1997,2,0.35,0.41,0.32,0.45,0.63,0.32,0.24,-0.08,0.32,-0.26,1.02,1.61,1.29,0.09,0.62,0.36,-0.19
1997,3,0.51,0.82,0.37,0.67,1.14,0.32,0.35,0.09,0.41,-0.07,2.01,0.93,0.31,0.27,-0.05,1.64,0.07
1997,4,0.39,0.49,0.35,0.5,0.74,0.32,0.28,-0.07,0.37,-0.2,2.02,-0.93,-0.43,0.55,0.36,1.77,-0.18
1997,5,0.39,0.33,0.42,0.44,0.45,0.44,0.34,0.04,0.41,0.16,0.86,0.48,-0.13,0.55,0.34,0.59,-0.12
1997,6,0.57,0.67,0.52,0.56,0.6,0.54,0.58,0.85,0.51,0.89,0.52,0.66,0.66,0.83,0.36,0.5,0.63
1997,7,0.4,0.23,0.48,0.49,0.38,0.58,0.31,-0.11,0.41,0.74,0.18,0.3,0.48,1.26,-0.05,0.31,-0.9
1997,8,0.46,0.34,0.52,0.53,0.46,0.58,0.4,0.07,0.48,0.8,0.44,1.12,0.43,0.78,0.2,0.36,-0.52
1997,9,0.59,0.69,0.55,0.58,0.63,0.55,0.6,0.82,0.55,0.91,0.22,0.04,1.21,1.45,1.01,0.92,-0.01
1997,10,0.62,0.76,0.56,0.67,0.82,0.56,0.58,0.64,0.56,0.71,1.5,-0.26,-0.39,1.14,0.72,0.96,0.2
1997,11,0.62,0.72,0.57,0.59,0.6,0.58,0.64,1,0.56,0.78,0.1,0.53,0.9,1.02,0.75,0.74,0.78
1997,12,0.56,0.51,0.58,0.49,0.43,0.54,0.63,0.69,0.61,0.69,-0.18,0.61,2.17,0.97,0.83,-0.42,0.26
1998,1,0.57,0.58,0.57,0.59,0.63,0.57,0.55,0.48,0.57,0.54,0.27,1.96,1.06,1.24,0.95,0.49,-0.08
1998,2,0.79,1.2,0.61,0.87,1.22,0.6,0.72,1.16,0.62,1.3,1.31,1.88,2.74,1.14,1.24,-1.06,0.72
1998,3,0.61,0.77,0.54,0.66,0.85,0.51,0.56,0.59,0.56,0.52,1.06,0.33,0.97,1.09,1.29,1.22,-0.25
1998,4,0.71,1.02,0.57,0.89,1.36,0.54,0.52,0.22,0.59,1.71,0.68,0.98,2.1,1.28,0.82,1.21,-0.81
1998,5,0.67,0.88,0.58,0.67,0.84,0.54,0.68,0.98,0.61,1.06,0.44,0.63,1.92,0.87,1.31,0.3,0.52
1998,6,0.69,0.99,0.56,0.76,1,0.58,0.63,0.97,0.54,0.94,1.06,1.03,1.01,0.85,0.97,1.04,0.57
1998,7,0.68,0.99,0.54,0.82,1.11,0.59,0.55,0.71,0.51,1.04,1.15,0.45,1.38,1.62,0.78,1.17,-0.2
1998,8,0.7,1.06,0.54,0.81,1.1,0.6,0.6,0.98,0.51,0.91,1.19,0.52,1.27,1.13,1.43,0.88,0.41
1998,9,0.48,0.7,0.39,0.65,0.94,0.42,0.32,0.14,0.36,0.9,0.46,0.33,1.87,0.49,1.22,0.6,-0.51
1998,10,0.42,0.51,0.38,0.49,0.58,0.41,0.35,0.33,0.36,0.6,0.47,0.46,1.19,0.93,1.03,-0.26,-0.35
1998,11,0.42,0.46,0.4,0.47,0.54,0.41,0.37,0.31,0.39,0.59,-0.5,-1.16,2.12,0.43,0.44,0.51,-0.08
1998,12,0.56,0.99,0.37,0.76,1.32,0.33,0.37,0.23,0.4,0.54,1.77,-0.35,1.8,0.69,0.35,0.99,-0.14
1999,1,0.41,0.69,0.29,0.54,0.84,0.3,0.29,0.35,0.28,0.51,1.21,1.42,1.18,0.26,1.08,-0.5,-0
1999,2,0.64,1.32,0.34,0.94,1.77,0.3,0.35,0.3,0.36,0.57,2.95,0.62,2.34,0.61,0.31,0.38,-0.19
1999,3,0.35,0.27,0.39,0.3,0.26,0.32,0.41,0.28,0.44,0.69,-1.05,1.4,1.82,0.54,0.84,-0.09,-0.2
1999,4,0.35,0.36,0.34,0.52,0.83,0.29,0.17,-0.71,0.38,0.67,0.9,1.46,1.25,-0.07,-0.06,0.25,-1.09
1999,5,0.31,0.33,0.3,0.4,0.54,0.29,0.22,-0.15,0.3,0.83,0.74,0.38,0.23,0.14,0.96,0.1,-0.81
1999,6,0.39,0.57,0.32,0.39,0.55,0.27,0.4,0.6,0.35,0.82,0.41,1.32,0.43,0.37,0.67,0.55,0.32
1999,7,0.37,0.52,0.31,0.43,0.65,0.27,0.31,0.21,0.33,0.6,0.92,1.29,0.27,0.34,0.72,0.47,-0.28
1999,8,0.37,0.57,0.28,0.4,0.52,0.31,0.34,0.69,0.26,0.57,0.38,0.67,0.75,0.43,0.73,0.29,0.42
1999,9,0.43,0.69,0.32,0.45,0.64,0.3,0.42,0.82,0.33,0.54,0.5,1.6,0.46,0.98,1.06,0.59,0.41
1999,10,0.34,0.53,0.26,0.39,0.56,0.27,0.29,0.45,0.26,0.35,1.02,0.84,-0.06,0.33,0.72,0.15,0.35
1999,11,0.38,0.61,0.28,0.53,0.94,0.23,0.22,-0.14,0.31,0.54,0.49,0.13,2.04,0.09,-0.63,0.9,-0.06
1999,12,0.44,0.86,0.24,0.74,1.44,0.22,0.13,-0.45,0.26,0.3,2.23,0.85,1.65,0.4,-0.35,1.01,-0.84
2000,1,0.3,0.37,0.26,0.42,0.71,0.2,0.17,-0.38,0.3,0.33,0.4,0.51,1.4,0.44,-0.29,0.63,-0.64
2000,2,0.54,0.99,0.33,0.8,1.51,0.27,0.27,-0.19,0.37,-0.32,1.58,1.97,2.86,0.18,0.22,2.41,-0.47
2000,3,0.51,0.94,0.32,0.76,1.36,0.31,0.26,-0.01,0.32,0.14,1.41,0.98,2.53,0.07,0.24,1.66,-0.23
2000,4,0.58,1.13,0.33,0.84,1.57,0.29,0.32,0.13,0.36,0.94,2.27,1.94,0.83,0.52,0.3,1.58,-0.33
2000,5,0.37,0.47,0.32,0.52,0.76,0.34,0.21,-0.19,0.31,0.62,1.14,1.26,0.35,0.29,-0.37,0.33,-0.28
2000,6,0.4,0.59,0.31,0.43,0.6,0.3,0.37,0.58,0.32,0.56,1.01,0.77,0.06,0.64,-0.13,0.71,0.4
2000,7,0.4,0.56,0.32,0.49,0.66,0.37,0.3,0.33,0.29,0.6,0.82,0.17,0.59,-0.29,0.76,0.63,0.39
2000,8,0.43,0.6,0.36,0.51,0.61,0.43,0.36,0.57,0.31,0.45,0.82,0.92,0.45,0.63,0.36,0.21,0.4
2000,9,0.44,0.58,0.38,0.4,0.42,0.39,0.48,0.94,0.37,0.61,0.44,0.29,0.24,0.12,1.27,0.2,0.84
2000,10,0.29,0.18,0.33,0.27,0.16,0.35,0.31,0.24,0.32,0.22,-0.24,1.35,0.27,0.79,0.24,0.29,-0.27
2000,11,0.3,0.21,0.34,0.22,0.08,0.32,0.38,0.51,0.35,0.46,-0.74,1.95,0.34,0.12,0.5,0.54,0.53
2000,12,0.27,0.17,0.32,0.28,0.25,0.31,0.27,-0.03,0.34,0.4,0.24,1.86,-0.7,0.3,0.24,0.21,-0.26
2001,1,0.43,0.66,0.33,0.51,0.81,0.28,0.35,0.31,0.36,0.28,-0.11,2.19,2.63,0.28,1.02,0.93,0.04
2001,2,0.43,0.56,0.36,0.42,0.58,0.29,0.43,0.5,0.41,-0.13,0.57,1.18,0.71,0.82,0.5,0.75,0.24
2001,3,0.54,0.77,0.43,0.66,1.03,0.38,0.41,0.18,0.47,1.1,1.51,1.42,0.86,0.73,-0.21,-0.39,0.06
2001,4,0.51,0.68,0.43,0.55,0.83,0.33,0.47,0.35,0.49,0.7,1.06,0.78,0.96,0.65,0.48,0.22,0.06
2001,5,0.55,0.8,0.44,0.63,0.95,0.38,0.47,0.44,0.48,0.61,1.67,0.7,0.8,0.29,0.19,0.24,0.53
2001,6,0.53,0.6,0.49,0.55,0.66,0.46,0.5,0.46,0.51,0.44,1.02,0.22,0.44,0.24,0.86,0.78,0.24
2001,7,0.58,0.86,0.45,0.66,0.87,0.49,0.49,0.84,0.41,0.61,0.99,1.47,0.65,0.72,0.63,1.05,0.69
2001,8,0.52,0.67,0.45,0.68,0.91,0.5,0.35,0.11,0.41,0.87,0.85,1.4,1.11,1.15,0.34,0.73,-0.64
2001,9,0.54,0.72,0.45,0.59,0.75,0.46,0.49,0.66,0.45,0.85,0.45,0.25,1.13,0.52,0.82,0.66,0.48
2001,10,0.47,0.51,0.45,0.54,0.59,0.49,0.4,0.33,0.41,0.6,0.63,1.8,0.31,0.8,-0.23,0.25,0.21
2001,11,0.66,1.16,0.44,0.91,1.54,0.43,0.42,0.31,0.45,0.5,2.36,-0.08,1.87,0.57,-0.07,1.29,0.21
2001,12,0.58,0.95,0.41,0.75,1.21,0.4,0.4,0.35,0.42,0.95,0.6,-1.43,2.13,0.63,-0.15,2.17,0.08
2002,1,0.67,1.15,0.45,0.84,1.45,0.38,0.5,0.48,0.5,-0.1,2.43,0.86,2.09,0.51,0.28,0.51,0.44
2002,2,0.65,1.1,0.45,0.9,1.56,0.4,0.4,0.07,0.48,0.73,3.29,3.27,0.71,0.46,-0.21,-0.71,-0.11
2002,3,0.81,1.48,0.51,0.97,1.68,0.43,0.66,1.02,0.57,1,3.39,2.04,-1.07,0.97,0.49,1.81,0.77
2002,4,0.52,0.66,0.46,0.44,0.47,0.41,0.6,1.09,0.49,0.84,0.76,0.88,-0.31,0.76,1.55,0.08,0.64
2002,5,0.61,0.96,0.45,0.52,0.65,0.43,0.7,1.67,0.47,0.89,0.76,1.26,-0.37,1.05,1.3,0.94,1.31
2002,6,0.54,0.71,0.47,0.66,0.88,0.49,0.42,0.31,0.45,0.48,0.9,1.37,1.01,0.3,0.56,1.23,0.14
2002,7,0.61,0.97,0.45,0.68,1.03,0.43,0.53,0.83,0.46,1.32,1.01,1.42,0.8,0.7,0.58,0.73,0.54
2002,8,0.54,0.81,0.42,0.58,0.77,0.43,0.51,0.88,0.42,1.11,0.68,1.28,0.32,1.2,0.44,0.75,0.37
2002,9,0.56,0.88,0.42,0.61,0.85,0.43,0.51,0.95,0.4,1.07,0.51,0.42,1.2,0.69,0.93,0.65,0.74
2002,10,0.55,0.76,0.46,0.53,0.6,0.47,0.58,1.11,0.46,0.64,0.52,-0.03,-0.02,1.37,0.93,1.54,0.61
2002,11,0.55,0.84,0.42,0.71,1.04,0.46,0.4,0.39,0.4,0.5,1.01,0.84,1.36,0.79,1.25,1.51,-0.11
2002,12,0.48,0.54,0.45,0.5,0.58,0.44,0.45,0.43,0.45,0.89,-1.22,-1.29,3.17,0.84,0.96,1.63,-0.08
2003,1,0.67,1.22,0.43,0.84,1.41,0.41,0.51,0.8,0.44,0.95,1.48,0.21,2.43,0.94,0.82,1.41,0.39
2003,2,0.59,0.92,0.45,0.58,0.88,0.35,0.61,1.03,0.51,0.96,1.49,-0.65,0.07,0.74,0.93,0.94,0.69
2003,3,0.56,0.75,0.47,0.59,0.79,0.43,0.53,0.66,0.5,0.64,1.3,0.71,0.37,0.82,0.13,1.25,0.38
2003,4,0.55,0.79,0.45,0.62,0.9,0.41,0.49,0.55,0.48,1,0.85,0.12,0.79,0.55,0.95,1.4,0.15
2003,5,0.56,0.83,0.45,0.69,0.97,0.48,0.44,0.51,0.43,0.98,0.84,1.86,0.76,0.59,1.01,1.2,-0.06
2003,6,0.47,0.47,0.47,0.54,0.57,0.52,0.4,0.24,0.44,0.66,0.45,1.66,0.38,1.25,0.9,0.66,-0.61
2003,7,0.54,0.66,0.48,0.66,0.75,0.59,0.42,0.45,0.41,0.68,0.5,1.63,0.91,0.67,0.88,1.14,0.03
2003,8,0.61,0.82,0.52,0.83,1,0.69,0.4,0.41,0.4,0.78,0.94,2,1.17,0.35,0.69,1.04,0.18
2003,9,0.64,0.96,0.5,0.81,1,0.66,0.48,0.85,0.39,0.88,1.05,0.58,0.8,0.61,1.03,1.56,0.48
2003,10,0.71,1.14,0.52,0.98,1.4,0.66,0.45,0.54,0.42,1.27,1.3,-0.33,1.8,0.96,0.11,2.04,0.1
2003,11,0.54,0.66,0.49,0.68,0.77,0.61,0.41,0.41,0.41,1,0.38,1.36,0.63,0.79,0.67,1.15,-0.23
2003,12,0.71,1.27,0.46,0.93,1.5,0.5,0.49,0.76,0.42,0.64,2.27,0.97,1.82,0.7,0.8,1.64,0.36
2004,1,0.59,0.9,0.45,0.72,1,0.5,0.46,0.66,0.42,0.84,1.73,0.4,-0.21,0.91,0.68,0.9,0.29
2004,2,0.68,1.04,0.51,0.83,1.23,0.52,0.52,0.61,0.5,0.73,1.98,1.14,1.38,0.46,0.71,-0.03,0.55
2004,3,0.64,1.04,0.46,0.86,1.32,0.51,0.43,0.4,0.43,0.76,1.75,1.14,1.33,0.9,0.54,0.23,-0.05
2004,4,0.58,0.82,0.47,0.65,0.86,0.49,0.51,0.73,0.45,0.63,0.77,0.91,0.74,1.1,0.98,0.82,0.2
2004,5,0.38,0.31,0.42,0.48,0.54,0.44,0.29,-0.21,0.4,0.62,0.91,-0.09,-0.13,-0.29,0.36,0.42,-0.25
2004,6,0.41,0.42,0.41,0.46,0.41,0.49,0.36,0.43,0.34,0.36,0.59,0.29,0.13,0.64,0.74,0.47,0.09
2004,7,0.34,0.13,0.44,0.54,0.49,0.58,0.14,-0.69,0.34,0.51,0.44,0.41,0.33,0.49,0.51,0.76,-1.49
2004,8,0.48,0.46,0.48,0.55,0.44,0.62,0.41,0.51,0.38,0.92,0.31,1.08,-0.13,0.6,0.17,0.71,0.17
2004,9,0.53,0.64,0.48,0.62,0.66,0.58,0.44,0.59,0.4,0.58,0.82,0.72,0.33,0.9,0.02,0.56,0.37
2004,10,0.6,0.85,0.49,0.68,0.77,0.61,0.52,1.01,0.4,1.07,0.44,1.22,0.81,0.88,1.32,0.55,0.51
2004,11,0.67,1.11,0.48,0.94,1.39,0.6,0.41,0.47,0.39,0.8,2.33,0.5,1.21,0.64,0.46,1.13,0.06
2004,12,0.51,0.65,0.45,0.52,0.53,0.51,0.5,0.9,0.41,0.92,0.36,1.06,0.1,0.89,0.54,-0.04,0.62
2005,1,0.76,1.37,0.48,0.96,1.53,0.53,0.55,0.99,0.45,0.31,1.7,2.02,1.1,1.03,0.66,2.95,0.63
2005,2,0.61,0.99,0.44,0.73,1.09,0.45,0.5,0.74,0.44,1.68,-0.4,-0.3,2.24,0.94,0.8,2.3,0.1
2005,3,0.72,1.28,0.47,0.89,1.44,0.47,0.56,0.93,0.47,1.36,1.51,-0.35,1.79,0.87,1.04,1.64,0.46
2005,4,0.66,1.11,0.46,0.87,1.33,0.51,0.46,0.6,0.42,1.06,1.38,1.04,1.63,0.67,1.96,1.52,-0.25
2005,5,0.62,0.94,0.48,0.81,1.08,0.59,0.44,0.61,0.39,1,1.2,0.78,0.74,0.83,1.13,1.8,-0.13
2005,6,0.64,0.95,0.5,0.75,0.93,0.61,0.53,1,0.42,0.75,1.25,0.58,0.79,1.26,0.98,1.06,0.29
2005,7,0.59,0.81,0.49,0.76,0.89,0.65,0.42,0.64,0.37,0.81,1.07,1.12,0.73,0.77,1.06,0.8,0.03
2005,8,0.57,0.7,0.51,0.7,0.71,0.68,0.45,0.68,0.39,1.17,0.62,0.54,0.51,1.07,0.57,0.61,0
2005,9,0.67,1.11,0.48,0.87,1.19,0.62,0.48,0.94,0.38,1,1.56,1.14,0.86,0.12,1.09,1.11,0.75
2005,10,0.7,1.31,0.43,0.9,1.37,0.55,0.51,1.16,0.35,0.94,1.63,1.13,0.93,0.75,1.13,1.87,0.83
2005,11,0.73,1.48,0.39,1.06,1.81,0.48,0.4,0.74,0.32,0.9,2.4,0.65,1.5,0.86,0.85,2.6,0.23
2005,12,0.7,1.4,0.38,0.91,1.58,0.4,0.49,0.98,0.37,1.34,1.02,0.58,1.87,0.39,0.81,2.8,0.97
2006,1,0.58,0.96,0.42,0.68,1.08,0.38,0.49,0.69,0.44,0.86,-0.9,-0.48,3.36,0.82,1.05,1.59,0.37
2006,2,0.74,1.45,0.42,0.99,1.83,0.34,0.49,0.58,0.47,0.96,1.71,-0.35,1.82,0.93,0.7,2.82,0.42
2006,3,0.64,1.15,0.41,0.79,1.41,0.33,0.48,0.58,0.46,0.81,1.61,-0.51,1.56,0.78,0.68,1.33,0.39
2006,4,0.53,0.76,0.43,0.64,0.96,0.4,0.42,0.29,0.45,0.83,-0.05,1,2.05,0.61,0.08,0.59,0.19
2006,5,0.54,0.71,0.46,0.77,1.21,0.44,0.3,-0.42,0.47,0.58,0.93,0.76,1.59,-0.11,-0.2,1.86,-0.43
2006,6,0.61,0.9,0.48,0.78,1.11,0.53,0.44,0.42,0.45,0.67,1.35,1.16,1.24,0.87,-0.17,1.09,0.13
2006,7,0.54,0.66,0.48,0.66,0.79,0.57,0.41,0.36,0.42,0.97,0.53,1.79,1.04,1.29,0.35,0.57,-0.46
2006,8,0.67,1.05,0.5,0.72,0.86,0.61,0.63,1.5,0.42,1.04,0.81,1,0.75,1,0.86,0.6,1.39
2006,9,0.64,0.94,0.5,0.82,1.06,0.64,0.46,0.68,0.41,0.63,1.04,1.63,0.82,0.62,0.98,1.71,0.38
2006,10,0.66,1.07,0.47,0.87,1.18,0.64,0.44,0.82,0.36,1.1,1.16,1.71,0.7,1.02,1.16,1.29,0.13
2006,11,0.65,1,0.5,0.84,1.07,0.67,0.47,0.84,0.38,0.15,1.63,1.44,-0.06,0.47,1.3,1.43,0.48
2006,12,0.76,1.37,0.49,1.09,1.79,0.57,0.43,0.4,0.43,0.2,2.13,2.29,2.79,0.86,0.47,2.57,-0.17
2007,1,0.88,1.76,0.48,1.27,2.22,0.55,0.49,0.72,0.43,0.34,3.58,3.02,2.02,0.91,0.33,2.77,0.41
2007,2,0.68,1.15,0.47,0.87,1.36,0.49,0.5,0.65,0.47,1.1,1.52,1.22,0.48,0.74,1.39,0.87,-0.05
2007,3,0.66,1.21,0.42,0.86,1.4,0.45,0.46,0.78,0.39,0.72,1.72,2.37,0.91,0.72,0.62,1.44,0.35
2007,4,0.76,1.56,0.4,1.03,1.88,0.38,0.49,0.82,0.41,0.95,2.45,1.37,0.84,0.94,0.9,3.43,0.29
2007,5,0.62,1.09,0.41,0.65,1,0.38,0.59,1.29,0.43,0.92,1.51,1.67,0.47,-0.14,1.46,0.43,1.4
2007,6,0.57,0.85,0.44,0.64,0.88,0.45,0.49,0.76,0.43,0.69,0.84,1.56,0.88,0.56,-0.43,0.99,0.94
2007,7,0.58,0.92,0.43,0.7,1,0.47,0.46,0.72,0.4,0.71,0.92,0.91,1.2,0.25,0.57,1.32,0.75
2007,8,0.55,0.93,0.38,0.69,1.03,0.43,0.41,0.7,0.34,0.7,1.34,1.24,0.67,-0.15,0.81,1.11,0.74
2007,9,0.58,1.04,0.38,0.7,1.03,0.45,0.47,1.06,0.33,0.9,1.33,0.19,0.45,0.95,1.04,1.28,0.42
2007,10,0.58,1.14,0.33,0.8,1.31,0.41,0.36,0.73,0.27,0.74,1.26,0.86,1.09,0.82,1.08,2.25,0.25
2007,11,0.54,1.18,0.26,0.76,1.35,0.32,0.32,0.78,0.21,0.6,1.82,-0.16,0.89,0.45,0.62,2.08,0.64
2007,12,0.46,1,0.22,0.75,1.35,0.3,0.16,0.2,0.16,0.32,2.07,0.89,0.36,0.45,0.37,2.46,-0.09
2008,1,0.25,0.26,0.25,0.25,0.2,0.28,0.25,0.39,0.22,-0.16,-0.3,1.71,0.77,0.45,1.11,1.41,-0.06
2008,2,0.31,0.42,0.27,0.45,0.69,0.27,0.18,-0.18,0.27,0.03,1.02,2.34,0,0.5,0.04,1.28,-0.62
2008,3,0.69,1.52,0.32,1.05,2.01,0.33,0.33,0.41,0.31,1.06,4.03,1.65,-0.21,0.37,0.6,1.03,0.13
2008,4,0.5,0.87,0.33,0.6,0.95,0.33,0.39,0.68,0.32,0.4,1.28,1.32,0.27,0.4,0.12,0.73,0.89
2008,5,0.5,0.8,0.37,0.6,0.93,0.35,0.4,0.49,0.38,0.78,1.25,0.8,0.42,0.03,0.5,1.38,0.36
2008,6,0.46,0.58,0.4,0.61,0.81,0.46,0.3,0.06,0.36,0.7,0.99,1.07,0.69,-0.01,0.94,0.71,-0.28
2008,7,0.57,0.84,0.45,0.63,0.77,0.53,0.51,1.02,0.39,0.76,0.89,0.8,0.44,1.27,0.52,0.66,0.57
2008,8,0.52,0.63,0.47,0.61,0.74,0.52,0.42,0.39,0.43,0.77,0.83,1.02,0.46,1.02,-0.24,0.68,0.01
2008,9,0.58,0.88,0.45,0.63,0.79,0.51,0.54,1.06,0.42,1.05,0.63,0.05,0.39,0.46,1.08,1.18,0.8
2008,10,0.66,1.17,0.43,0.88,1.35,0.52,0.44,0.77,0.36,0.67,2.01,1.04,0.47,0.97,1.36,1.97,-0.12
2008,11,0.67,1.34,0.37,0.97,1.64,0.46,0.38,0.67,0.32,0.62,2.11,1.01,1.38,1.07,0.35,2.03,0.14
2008,12,0.58,0.99,0.4,0.75,1.2,0.4,0.42,0.51,0.39,1.01,1.68,1.08,-0.63,0.65,0.35,2.07,0.07
2009,1,0.66,1.25,0.4,0.89,1.56,0.39,0.43,0.54,0.41,0.84,1.63,0.61,0.99,0.52,0.65,2.84,0.07
2009,2,0.53,0.88,0.37,0.65,1.07,0.34,0.41,0.45,0.4,0.95,1.07,0.84,1.16,0.61,0.65,-0.14,-0.02
2009,3,0.52,0.77,0.41,0.55,0.81,0.35,0.49,0.68,0.45,0.65,1.72,0.87,-0.38,0.94,0.74,-0.04,0.16
2009,4,0.55,0.81,0.43,0.62,0.93,0.38,0.48,0.53,0.46,0.71,1.59,1.43,0.37,0.97,0.75,0.71,-0.06
2009,5,0.61,0.84,0.5,0.57,0.73,0.44,0.64,1.09,0.54,0.64,0.94,1.09,0.05,0.82,0.34,0.8,0.95
2009,6,0.66,0.77,0.62,0.69,0.73,0.67,0.64,0.88,0.58,1.23,0.81,0.79,0.2,0.33,0.82,0.71,0.56
2009,7,0.71,0.96,0.59,0.7,0.71,0.69,0.71,1.53,0.52,0.97,0.58,1.05,0.27,0.79,0.9,0.77,1.59
2009,8,0.68,0.9,0.58,0.71,0.77,0.66,0.65,1.2,0.52,1,0.64,1.05,0.27,1.19,1.95,0.92,0.4
2009,9,0.74,1.23,0.52,0.88,1.31,0.56,0.6,1.06,0.49,1.01,1.28,1.17,1.3,0.78,1.1,1.69,0.62
2009,10,0.67,0.98,0.53,0.81,1.07,0.62,0.53,0.78,0.47,1.04,1.48,0.55,-0.77,0.99,0.61,1.8,0.33
2009,11,0.73,1.16,0.54,0.83,1.15,0.59,0.64,1.19,0.51,0.49,0.33,1.91,1.89,1.35,1.44,1.48,0.51
2009,12,0.68,0.88,0.59,0.74,0.9,0.62,0.63,0.85,0.57,1.54,-0.07,0.52,0.64,0.69,0.82,1.73,0.38
2010,1,0.74,1.07,0.58,0.82,1.13,0.59,0.65,0.94,0.58,1.64,0.42,-0.84,2.06,0.96,0.72,1.22,0.56
2010,2,0.81,1.27,0.6,0.94,1.39,0.61,0.67,1.01,0.59,2.51,-0.21,0.25,2.37,1.4,0.92,1.61,0.29
2010,3,0.88,1.49,0.6,1.08,1.73,0.6,0.67,0.95,0.6,1.57,1.19,0.64,2.67,1.52,0.63,1.85,0.26
2010,4,0.85,1.44,0.58,1.11,1.8,0.58,0.59,0.62,0.58,1.88,0.82,1.18,2.67,0.81,1.41,2.83,-0.2
2010,5,0.75,1.19,0.56,0.93,1.42,0.56,0.58,0.65,0.56,1.23,1.66,0.84,0.84,0.62,0.82,2.35,0.09
2010,6,0.68,0.95,0.55,0.88,1.23,0.62,0.47,0.31,0.51,1.08,1.47,1.01,0.97,0.96,0.8,0.97,-0.43
2010,7,0.64,0.9,0.52,0.9,1.23,0.65,0.38,0.17,0.43,0.95,1.48,2.12,0.93,0.59,1.07,1.37,-0.66
2010,8,0.62,0.88,0.51,0.84,1.13,0.62,0.41,0.32,0.43,1.01,1.17,1.6,1.2,0.41,0.47,0.95,-0.07
2010,9,0.63,0.99,0.47,0.75,1.03,0.53,0.51,0.91,0.42,0.87,0.86,0.56,1.1,0.91,0.45,1.54,0.47
2010,10,0.66,1.26,0.39,0.88,1.5,0.4,0.45,0.71,0.39,1.25,1.41,-0.19,1.6,0.63,0.19,2.42,0.36
2010,11,0.75,1.59,0.38,1.18,2.22,0.39,0.33,0.18,0.36,1.38,2.64,1.31,1.73,0.44,-0.01,3.06,-0.21
2010,12,0.49,0.79,0.36,0.63,0.95,0.39,0.36,0.41,0.34,1.06,0.33,-0.99,1.55,0.65,0.1,1.43,0.05
2011,1,0.55,0.9,0.39,0.67,1.03,0.39,0.42,0.6,0.38,0.68,0.08,0.95,1.46,0.6,0.87,3.2,0.27
2011,2,0.51,0.75,0.4,0.61,0.94,0.36,0.41,0.33,0.42,0.77,0.59,-0.21,0.65,0.41,0.22,1.36,0.09
2011,3,0.64,1.17,0.4,0.89,1.61,0.34,0.39,0.16,0.45,1.03,1.68,0.86,0.49,0.29,-0.22,3.65,-0.17
2011,4,0.65,1.21,0.4,0.83,1.48,0.34,0.47,0.6,0.44,0.88,2.26,1.84,-0.12,0.67,0.01,2.09,0.33
2011,5,0.54,0.78,0.42,0.67,1.03,0.39,0.4,0.2,0.45,0.87,1.37,1.04,0.35,0.36,-0.44,1.67,-0.01
2011,6,0.6,0.88,0.47,0.75,1.11,0.49,0.44,0.35,0.46,0.92,1.42,1.34,0.72,0.77,0.01,1.22,-0.1
2011,7,0.68,1.14,0.47,0.75,1.09,0.49,0.61,1.25,0.46,1.04,0.97,1,1.2,0.79,0.69,1.09,1.1
2011,8,0.68,1.18,0.45,0.72,1.04,0.48,0.63,1.5,0.42,0.8,0.91,1.09,1.3,0.74,0.92,0.95,1.4
2011,9,0.61,1.04,0.41,0.76,1.17,0.45,0.45,0.75,0.38,0.92,0.77,1.76,1.37,1.04,0.36,1.68,0.22
2011,10,0.64,1.26,0.36,0.91,1.56,0.42,0.37,0.57,0.33,0.63,1.88,0.73,1.04,0.51,0.65,2.44,0.25
2011,11,0.54,0.89,0.38,0.64,0.91,0.43,0.44,0.85,0.34,0.4,0.9,0.69,0.85,0.66,0.42,1.53,0.6
2011,12,0.58,1.1,0.34,0.86,1.47,0.4,0.29,0.26,0.3,0.05,1.35,2.17,1.94,0.62,0.08,2.96,-0.06
2012,1,0.49,0.84,0.33,0.71,1.11,0.4,0.27,0.22,0.28,0.14,0.29,1.14,2.07,0.59,0.34,2.42,-0.29
2012,2,0.51,0.79,0.38,0.61,0.99,0.32,0.4,0.32,0.42,0.42,-0.11,-1.93,2.81,0.56,0.14,3.05,-0.03
2012,3,0.52,0.84,0.38,0.62,1.01,0.33,0.42,0.46,0.41,0.36,0.55,1.49,2.29,0.64,-0.28,0.62,0.19
2012,4,0.7,1.35,0.4,1,1.84,0.36,0.4,0.23,0.44,0.82,2.35,1.12,1.59,0.75,0.49,2.03,-0.27
2012,5,0.73,1.28,0.48,0.92,1.51,0.47,0.54,0.74,0.49,1.08,1.94,1.4,1.3,0.83,0.11,1.61,0.36
2012,6,0.68,1.13,0.48,0.95,1.56,0.48,0.41,0.15,0.47,1.05,1.83,1.18,1.56,0.88,0.01,1.95,-0.43
2012,7,0.61,0.83,0.51,0.88,1.31,0.56,0.33,-0.26,0.47,0.92,1.35,1.39,1.63,0.46,0.06,1.44,-0.81
2012,8,0.65,0.88,0.54,0.79,1.02,0.61,0.51,0.57,0.49,0.93,0.8,1.45,1.34,1,0.5,0.97,-0.03
2012,9,0.72,1.11,0.54,0.9,1.3,0.61,0.53,0.69,0.49,0.6,1.14,1.13,1.45,1.33,0.92,2.01,-0.04
2012,10,0.76,1.28,0.52,0.88,1.26,0.59,0.64,1.31,0.48,1.19,1.16,1.18,0.45,1.32,0.88,1.99,0.72
2012,11,0.73,1.25,0.5,0.91,1.35,0.58,0.55,1.01,0.45,1.32,1.15,1.84,0.41,0.96,1.13,1.91,0.45
2012,12,0.51,0.55,0.49,0.49,0.38,0.57,0.52,0.93,0.43,0.71,-0.7,-0.36,0.99,1.01,1.1,1.18,0.39
2013,1,0.68,1.16,0.46,0.83,1.29,0.49,0.52,0.87,0.43,0.98,0.64,0.87,1.7,0.89,1.5,1.88,0.36
2013,2,0.58,0.87,0.46,0.7,1.05,0.43,0.47,0.46,0.47,1.06,1.28,1.32,1.36,0.75,0.86,0.07,-0.11
2013,3,0.63,1,0.46,0.8,1.19,0.5,0.46,0.56,0.44,1.71,1.18,-0.73,0.9,0.63,0.95,0.34,0.03
2013,4,0.58,0.8,0.48,0.69,0.96,0.48,0.47,0.44,0.48,0.79,1.47,0.88,-0.69,0.72,1.14,1.64,-0.08
2013,5,0.64,0.94,0.51,0.77,1.11,0.52,0.51,0.55,0.5,1.05,1.61,1.46,0.19,0.92,1.19,1.09,-0.17
2013,6,0.7,1.12,0.51,0.79,1.09,0.57,0.6,1.19,0.47,0.93,1.09,1.17,1.26,1.12,0.98,1.48,0.61
2013,7,0.6,0.7,0.56,0.72,0.74,0.7,0.49,0.59,0.46,0.86,0.81,1.14,0.41,0.74,1.39,0.81,-0.18
2013,8,0.66,0.89,0.56,0.74,0.78,0.7,0.59,1.13,0.46,0.52,0.93,1.35,0.76,0.17,1.33,0.64,1.03
2013,9,0.74,1.18,0.54,0.75,0.85,0.67,0.74,1.95,0.45,0.82,0.54,0.48,1.21,0.52,1.98,0.78,1.78
2013,10,0.65,0.98,0.5,0.77,0.97,0.62,0.53,1,0.42,0.75,0.87,1.13,1,0.75,1.32,1.36,0.5
2013,11,0.78,1.34,0.53,1.04,1.6,0.62,0.52,0.76,0.46,0.93,2.93,1.64,-0.02,0.57,0.81,1.67,0.29
2013,12,0.69,1.16,0.48,0.88,1.33,0.53,0.5,0.76,0.44,0.46,2.62,1.25,-1.1,1.18,0.74,2.58,0.1
2014,1,0.74,1.26,0.51,0.97,1.49,0.57,0.52,0.74,0.47,1.03,0.62,1.54,2.15,0.81,0.94,2.03,0.25
2014,2,0.57,0.75,0.49,0.72,1,0.51,0.41,0.18,0.47,0.66,-0.02,2.87,-0.06,0.54,0.31,3.12,-0.24
2014,3,0.79,1.41,0.51,1.16,2.04,0.49,0.42,-0,0.52,0.65,3,2.81,-0.33,0.56,0.92,3.58,-0.67
2014,4,0.76,1.23,0.55,1.03,1.64,0.56,0.5,0.32,0.55,0.96,2.32,1.85,0.2,0.82,1.17,2.39,-0.36
2014,5,0.8,1.22,0.62,0.88,1.19,0.65,0.72,1.29,0.59,0.99,1.35,0.99,0.84,0.81,1.52,1.65,0.75
2014,6,0.7,0.8,0.66,0.89,0.97,0.82,0.52,0.41,0.54,1.1,1.09,0.7,0.97,1.09,0.75,0.93,-0.48
2014,7,0.62,0.63,0.62,0.83,0.81,0.85,0.41,0.21,0.45,1.3,0.49,1.62,0.6,0.86,0.56,0.83,-0.49
2014,8,0.8,1.05,0.68,0.98,1.05,0.93,0.61,1.04,0.51,1.1,1.06,1.12,0.89,1.35,0.41,1.23,0.39
2014,9,0.8,1.13,0.65,0.9,0.87,0.92,0.7,1.71,0.46,1.04,0.53,1.28,0.8,1.5,1.11,1.1,1.18
2014,10,0.76,1.08,0.62,0.92,1.03,0.85,0.6,1.19,0.46,0.89,0.39,1.35,1.5,1.51,1.6,1.42,0.2
2014,11,0.65,0.8,0.58,0.76,0.81,0.73,0.54,0.78,0.48,0.78,0.8,1.42,-0.19,0.99,1.44,1.55,0.11
2014,12,0.79,1.25,0.59,1.1,1.62,0.71,0.48,0.4,0.5,0.8,1.62,1.48,2.14,0.87,1,2.3,-0.35
2015,1,0.81,1.34,0.57,1.12,1.74,0.65,0.49,0.43,0.5,0.4,2.34,1.94,1.74,1.01,0.38,1.95,-0.27
2015,2,0.84,1.53,0.54,1.13,1.84,0.59,0.56,0.81,0.5,1.09,3.21,1.8,-0.26,0.76,1.47,2.19,0.04
2015,3,0.91,1.62,0.59,1.23,2.02,0.64,0.59,0.71,0.56,0.76,2.53,1.96,1.67,1.04,0.94,2.78,-0.05
2015,4,0.78,1.13,0.63,1.01,1.43,0.69,0.56,0.45,0.59,0.53,1.59,0.96,1.06,1.31,0.1,2.29,-0.22
2015,5,0.79,1.03,0.69,1.02,1.3,0.8,0.57,0.41,0.61,1.34,1.61,0.99,0.98,1.1,0.44,1.44,-0.42
2015,6,0.83,1.11,0.7,1.04,1.27,0.87,0.61,0.76,0.58,1.1,1.44,0.67,1.33,1.44,1.32,1.27,-0.28
2015,7,0.75,0.86,0.7,0.92,0.99,0.87,0.57,0.56,0.58,1.39,0.9,1.39,0.74,1.57,0.69,0.75,-0.58
2015,8,0.8,0.97,0.72,1.02,1.07,0.99,0.57,0.76,0.53,1.56,0.88,1.65,0.87,1.93,0.79,0.69,-0.47
2015,9,0.89,1.18,0.76,1.18,1.4,1.01,0.6,0.67,0.58,1.41,1.06,1.67,1.6,1.79,0.5,1.39,-0.38
2015,10,1.03,1.55,0.79,1.23,1.49,1.02,0.83,1.67,0.63,1.7,1.14,0.6,1.33,1.52,2.1,1.82,0.52
2015,11,1.01,1.51,0.78,1.33,1.75,1.02,0.69,0.98,0.62,1,1.44,2.19,1.69,1.25,1.5,2.66,0
2015,12,1.08,1.73,0.79,1.46,2.11,0.96,0.71,0.87,0.67,0.61,2.81,2.69,2.43,1.45,1.08,1.99,-0.26
2016,1,1.16,1.9,0.82,1.57,2.43,0.92,0.74,0.7,0.75,1.4,1.65,0.52,3.24,1.53,0.83,4.84,-0.47
2016,2,1.31,2.47,0.78,1.84,3.13,0.86,0.78,0.98,0.73,1.37,3.33,3.36,2.99,1.75,1.19,4.41,-0.23
2016,3,1.3,2.4,0.81,1.8,3.07,0.83,0.81,0.88,0.79,1.73,3.56,1.77,2.91,1.33,1.63,3.66,-0.24
2016,4,1.1,1.88,0.75,1.44,2.29,0.8,0.75,0.93,0.71,1.76,2.67,1.78,1.51,1.32,1.89,3.18,-0.23
2016,5,0.93,1.35,0.74,1.1,1.48,0.82,0.75,1.04,0.68,1.16,1.3,1.18,1.42,0.65,1.78,2.23,0.63
2016,6,0.81,0.95,0.75,1.14,1.43,0.92,0.48,-0.16,0.63,1.27,1.43,1.49,1.58,0.41,1.37,1.83,-1.1
2016,7,0.84,1.06,0.74,1.09,1.29,0.94,0.59,0.54,0.6,0.96,1.31,1.43,1.27,1.25,1.17,1.69,-0.35
2016,8,0.96,1.46,0.74,1.12,1.35,0.95,0.81,1.72,0.59,1.08,1.56,1.3,1.23,1.52,0.8,1.44,1.35
2016,9,0.93,1.42,0.7,1.27,1.76,0.89,0.58,0.63,0.57,1.25,1.84,1.77,1.51,0.86,0.47,2.46,0.13
2016,10,0.83,1.2,0.67,1.02,1.31,0.8,0.64,0.94,0.57,1.51,0.3,0.38,1.31,1.07,0.23,2.96,0.52
2016,11,0.91,1.59,0.6,1.18,1.83,0.69,0.63,1.04,0.54,1.42,-0.07,0.33,3.42,1,0.79,3.59,0.59
2016,12,0.88,1.46,0.62,1.13,1.72,0.69,0.63,0.88,0.57,1.18,1.77,0.72,0.7,1.16,0.79,2.47,0.35
2017,1,1.04,1.76,0.71,1.41,2.28,0.74,0.67,0.59,0.69,0.83,2.23,0.02,2.81,0.93,0.85,3.53,0.25
2017,2,1.11,1.9,0.75,1.44,2.39,0.71,0.78,0.79,0.78,0.78,2.34,1.73,2.94,0.88,0.69,3.33,0.68
2017,3,1.1,1.91,0.74,1.44,2.37,0.73,0.77,0.86,0.75,0.87,3.31,2.62,1.15,0.86,1.43,3.81,0.53
2017,4,0.94,1.38,0.74,1.21,1.79,0.77,0.67,0.47,0.71,1.1,2.13,0.64,1.09,0.82,0.43,2.51,0.19
2017,5,0.9,1.29,0.72,0.98,1.24,0.78,0.82,1.41,0.68,1.38,1.24,0.9,1.19,1.3,0.87,0.95,1.09
2017,6,0.76,0.87,0.71,1,1.21,0.84,0.53,0.11,0.63,1.4,1.22,1.61,1.06,1.24,0.75,1.13,-0.98
2017,7,0.84,1.05,0.74,1.03,1.11,0.98,0.64,0.92,0.58,1.21,1.13,1.08,1.01,1.19,1.46,0.89,0.01
2017,8,0.87,1.12,0.76,1.08,1.2,0.99,0.65,0.93,0.59,1.27,1.28,1.66,0.81,1.84,1.09,1.25,-0.14
2017,9,0.85,1.25,0.68,1.08,1.36,0.87,0.63,1,0.54,1.41,1.1,1.06,1.41,1.4,1.13,1.59,0.03
2017,10,0.9,1.42,0.66,1.09,1.42,0.84,0.71,1.43,0.54,0.89,0.98,1.14,1.33,1.23,1.36,2.53,0.86
2017,11,0.87,1.44,0.62,1.21,1.75,0.8,0.53,0.73,0.49,0.6,1.88,1.01,0.94,0.89,0.84,3.08,0.31
2017,12,0.96,1.8,0.58,1.44,2.38,0.73,0.48,0.48,0.47,1,2.37,1.78,1.94,1.08,1.1,4.48,-0.38
2018,1,0.84,1.4,0.59,1.16,1.79,0.69,0.52,0.52,0.53,0.61,1.29,2.31,2.01,0.75,1.2,3.81,-0.16
2018,2,0.9,1.59,0.59,1.29,2.09,0.68,0.51,0.44,0.53,1.35,1.82,0.2,0.98,0.72,0.84,4.14,-0.13
2018,3,0.89,1.44,0.64,1.15,1.73,0.72,0.62,0.78,0.58,1.38,2.13,-0.03,1.59,0.84,1.06,0.97,0.29
2018,4,0.9,1.42,0.67,1,1.38,0.71,0.81,1.5,0.64,1.09,1.82,2.65,-0.37,1.2,1.88,2.04,0.87
2018,5,0.84,1.2,0.68,1,1.3,0.77,0.69,0.98,0.62,1.24,1.02,2.62,1.39,0.92,0.58,0.92,0.54
2018,6,0.79,1.1,0.65,0.98,1.26,0.76,0.61,0.73,0.58,1.07,1.5,1.67,1.02,0.3,0.57,1.33,0.49
2018,7,0.81,1.19,0.64,0.95,1.21,0.75,0.68,1.15,0.56,1.39,1.13,2.16,0.98,0.79,1.07,0.88,0.69
2018,8,0.8,1.11,0.66,0.95,1.16,0.78,0.66,1.01,0.57,1.29,1.21,2.19,0.72,0.57,0.29,1.1,0.75
2018,9,0.81,1.1,0.68,0.98,1.19,0.82,0.63,0.88,0.57,1.34,1.24,1.86,0.39,1.44,0.63,1.55,-0.08
2018,10,1,1.61,0.72,1.29,1.83,0.89,0.7,1.12,0.6,1.24,2.08,1.65,0.03,1.22,1.46,3.51,0.38
2018,11,0.84,1.11,0.71,1.02,1.26,0.85,0.65,0.78,0.62,1.36,1.11,1.31,0.05,1.06,0.77,2.24,0.05
2018,12,0.94,1.41,0.74,1.15,1.59,0.82,0.74,0.99,0.68,1.14,0.95,1.34,2.13,0.85,1.58,2.89,0.16
2019,1,0.94,1.43,0.72,1.17,1.68,0.78,0.71,0.86,0.67,1,2.32,0.76,1.41,1.05,2.08,1.79,-0.27
2019,2,0.92,1.33,0.73,1.07,1.48,0.76,0.77,0.99,0.72,0.65,2.03,2.61,-0.19,1.02,1.12,3.02,0.43
2019,3,1.16,2.08,0.75,1.51,2.53,0.74,0.8,1.05,0.75,1.17,3.2,2.11,1.73,0.89,1.61,4.3,0.23
2019,4,1.04,1.72,0.73,1.31,2.02,0.77,0.77,1.06,0.71,1.4,2.15,1.41,1.34,1.31,1.23,3.36,0.19
2019,5,0.92,1.28,0.75,1.07,1.42,0.81,0.76,0.99,0.71,1.57,1.3,0.6,0.93,1.17,0.77,2.51,0.2
2019,6,0.91,1.16,0.8,1.19,1.44,1,0.64,0.51,0.66,1.35,1.5,2.62,0.88,1.66,0.56,1.93,-0.56
2019,7,0.92,1.16,0.81,1.1,1.13,1.08,0.74,1.23,0.62,1.46,1.03,1.1,1.02,0.93,1.31,1.15,0.62
2019,8,0.94,1.23,0.81,1.17,1.24,1.12,0.71,1.19,0.59,1.39,1.19,1.75,0.98,0.98,0.38,1.55,0.73
2019,9,0.94,1.39,0.74,1.27,1.56,1.05,0.62,1,0.53,1.27,1.37,1.2,1.73,1.53,0.85,1.92,0.18
2019,10,1.04,1.64,0.77,1.35,1.78,1.03,0.73,1.32,0.6,1.32,1.9,1.71,0.67,1.13,1.59,3.09,0.49
2019,11,1,1.49,0.77,1.25,1.61,0.98,0.74,1.24,0.63,1.6,1.19,1.72,1.1,1.4,0.92,2.99,0.44
2019,12,1.14,1.91,0.79,1.46,2.18,0.92,0.81,1.29,0.7,1.26,2.19,2.65,1.84,1.14,2.25,2.99,0.41
2020,1,1.17,1.93,0.82,1.56,2.41,0.93,0.77,0.86,0.75,0.66,3.49,2.96,1.88,1.29,1.17,2.77,0.26
2020,2,1.21,2.14,0.79,1.66,2.71,0.86,0.76,0.84,0.74,1.09,4.14,3.4,1.09,1.17,1.06,2.89,0.41
2020,3,1.13,1.86,0.8,1.54,2.4,0.89,0.72,0.65,0.74,1.14,3.66,2.31,1.14,1.64,0.79,2.55,-0.15
2020,4,1.13,1.83,0.81,1.41,2.07,0.91,0.85,1.3,0.74,1.48,2.53,1.28,0.63,1.15,1.48,3.44,0.81
2020,5,1,1.48,0.79,1.29,1.78,0.92,0.72,0.82,0.69,1.51,2.29,0.42,0.63,0.82,0.12,2.47,0.71
2020,6,0.93,1.29,0.77,1.18,1.39,1.02,0.69,1.08,0.6,1.36,1.39,1.75,0.99,1.37,1.07,1.9,0.34
2020,7,0.9,1.21,0.76,1.15,1.28,1.05,0.65,1.04,0.56,0.9,1.38,1.09,1.3,1.14,1.02,1.25,0.66
2020,8,0.9,1.19,0.76,1.16,1.29,1.06,0.64,0.97,0.56,1.26,1.13,1.8,1.36,1.47,1.27,1.33,0.11
2020,9,0.99,1.64,0.69,1.24,1.59,0.97,0.73,1.74,0.5,1.25,1.75,2.15,0.63,1.61,1.89,2.19,0.93
2020,10,0.9,1.47,0.64,1.24,1.66,0.92,0.56,1.04,0.45,1.39,1.48,2,0.44,1.6,0.95,3.25,0.08
2020,11,1.07,2.07,0.62,1.55,2.43,0.88,0.59,1.25,0.43,0.76,2.7,1.93,1.55,1.29,1.78,4.78,0.37
2020,12,0.82,1.42,0.55,1.23,1.85,0.76,0.42,0.44,0.41,1.55,0.64,2.17,2.66,0.99,0.36,3.28,-0.22
2021,1,0.83,1.45,0.54,1.27,2.04,0.68,0.38,0.12,0.45,1.59,0.44,1.39,3.88,0.79,0.59,2.59,-0.56
2021,2,0.65,0.88,0.55,0.92,1.25,0.66,0.39,0.03,0.48,0.81,1.78,1.39,-0.43,0.63,0.2,0.91,-0.41
2021,3,0.89,1.56,0.58,1.2,1.89,0.67,0.58,0.8,0.52,0.9,2.35,1.15,2.01,0.72,0.47,1.38,0.53
2021,4,0.8,1.26,0.6,1.15,1.75,0.69,0.46,0.14,0.53,1.28,1.8,0.39,1.17,0.96,0.51,2.65,-0.57
2021,5,0.82,1.23,0.64,1.09,1.54,0.74,0.56,0.53,0.56,1.36,2.13,0.48,0.53,0.61,0.7,2.01,0.06
2021,6,0.84,1.19,0.68,1.18,1.66,0.82,0.49,0.11,0.58,1.35,1.67,2.14,1.76,0.75,0.58,1.84,-0.63
2021,7,0.89,1.27,0.72,1.12,1.42,0.88,0.66,0.93,0.6,1.18,1.62,2.21,1.1,0.85,1.42,1.01,0.41
2021,8,0.87,1.28,0.69,1.08,1.37,0.87,0.66,1.07,0.56,1.35,1.58,1.13,1.09,1.37,1.21,1.29,0.32
2021,9,0.93,1.46,0.69,1.13,1.41,0.91,0.73,1.57,0.53,1.3,1.17,0.86,1.54,1.85,0.94,1.42,0.89
2021,10,0.98,1.68,0.66,1.31,1.93,0.83,0.65,1.1,0.54,1.19,1.4,0.82,2.39,1.29,0.95,3.24,0.64
2021,11,0.93,1.52,0.66,1.35,2.04,0.82,0.51,0.34,0.55,1.63,1.99,1.28,1.81,0.83,0.01,2.52,-0.13
2021,12,0.88,1.49,0.61,1.22,1.83,0.76,0.55,0.74,0.5,1.36,1.61,0.79,1.89,1.06,1.08,1.78,-0.09
2022,1,0.92,1.48,0.67,1.28,1.93,0.78,0.57,0.47,0.59,0.49,2.63,1.82,0.91,1.24,1.07,3.03,-0.42
2022,2,0.9,1.45,0.65,1.2,1.81,0.73,0.6,0.63,0.59,0.7,2.45,2.82,-0.3,0.75,0.51,3.02,0.27
2022,3,1.07,1.97,0.66,1.47,2.43,0.74,0.67,0.93,0.61,0.68,2.74,1.01,1.66,0.53,1.47,3.99,0.54
2022,4,0.88,1.42,0.64,1.17,1.77,0.72,0.59,0.63,0.58,1.21,2.65,0.77,0.07,0.78,1.4,1.95,0.07
2022,5,0.82,1.19,0.65,1.03,1.41,0.75,0.6,0.69,0.58,1,1.71,1.19,0.84,0.24,1.04,1.97,0.51
2022,6,0.92,1.37,0.72,1.16,1.53,0.88,0.68,1.01,0.6,1.04,1.84,2.28,1.18,0.4,0.92,1.66,0.95
2022,7,0.9,1.32,0.71,1.1,1.33,0.93,0.69,1.29,0.55,0.95,1.42,1.69,1.42,1.58,0.43,1.52,0.77
2022,8,0.91,1.31,0.73,1.22,1.49,1.01,0.61,0.9,0.54,1.1,1.33,2.6,1.69,0.89,0.9,1.62,0.44
2022,9,0.87,1.22,0.71,1.17,1.44,0.96,0.57,0.74,0.53,1.15,1.24,0.76,1.97,0.78,0.77,1.34,0.33
2022,10,0.96,1.58,0.68,1.33,1.87,0.92,0.59,0.93,0.51,0.93,1.79,2.31,1.67,0.81,0.65,3.2,0.55
2022,11,0.76,0.93,0.68,1.1,1.38,0.89,0.41,-0.12,0.53,0.6,1.58,1.98,0.66,0.58,-0.26,1.99,-0.46
2022,12,0.83,1.13,0.69,1.11,1.5,0.83,0.54,0.29,0.6,1.54,1.16,1.59,0.6,1.05,0.25,2.65,-0.4
2023,1,0.88,1.35,0.67,1.29,1.93,0.81,0.47,0.05,0.57,0.86,0.9,3.09,3.29,0.88,0.37,2.44,-0.63
2023,2,1.01,1.7,0.69,1.36,2.2,0.73,0.65,0.59,0.67,0.89,3.05,2.12,0.74,0.99,0.65,2.68,0.05
2023,3,1.22,2.14,0.81,1.59,2.57,0.85,0.85,1.16,0.78,1.45,3.88,1.94,0.59,1.38,1.07,2.74,0.54
2023,4,0.99,1.26,0.87,1.05,1.24,0.91,0.93,1.3,0.84,1.13,1.23,1.04,0.91,1.17,0.51,1.62,1.1
2023,5,0.96,1.2,0.85,1.14,1.43,0.92,0.78,0.68,0.8,1.32,1.22,0.9,2.1,1.34,-0.15,1.96,0.13
2023,6,1.06,1.36,0.93,1.25,1.43,1.11,0.88,1.22,0.79,1.37,1.52,1.85,1.41,1.45,1.07,1.47,0.39
2023,7,1.16,1.53,0.99,1.46,1.72,1.27,0.85,1.11,0.79,1.68,1.63,1.64,1.74,2.06,1.11,1.67,0.13
2023,8,1.24,1.73,1.02,1.57,1.89,1.33,0.91,1.36,0.8,1.78,1.89,2.3,1.78,2.35,1.8,2.1,-0.07
2023,9,1.4,2.24,1.02,1.71,2.19,1.35,1.09,2.36,0.8,1.87,1.89,2.9,2.36,2.25,1.76,2.38,1.45
2023,10,1.35,2.11,1,1.86,2.53,1.35,0.83,1.16,0.76,1.75,2.65,2.13,2.04,2.11,1.08,3.38,0.03
2023,11,1.4,2.32,0.98,1.96,2.87,1.26,0.83,1.07,0.78,1.79,3.08,1.35,2.59,2.04,1.3,4.14,-0.1
2023,12,1.35,2.18,0.98,1.87,2.75,1.2,0.84,0.9,0.82,1.55,1.74,1.85,4.38,1.78,1.39,3.65,-0.33
2024,1,1.29,1.88,1.03,1.73,2.42,1.21,0.85,0.65,0.9,1.69,2.4,1.61,2.12,1.65,1.47,3.02,-0.58
2024,2,1.39,2.19,1.03,1.82,2.67,1.18,0.96,1.1,0.93,1.79,1.66,3.95,3.35,1.94,1.55,3.54,-0.26
2024,3,1.31,2.06,0.97,1.63,2.37,1.07,0.98,1.33,0.9,2.13,2.54,2.74,1.9,1.97,1.02,2.48,0.17
2024,4,1.26,1.83,1,1.69,2.42,1.14,0.82,0.49,0.9,1.68,2.68,2.37,2.27,1.68,0.25,2.42,-0.34
2024,5,1.15,1.58,0.96,1.41,1.77,1.13,0.89,1.14,0.83,2.23,1.56,1.7,1.46,0.79,1.2,1.84,0.51
2024,6,1.17,1.67,0.95,1.49,1.88,1.19,0.86,1.21,0.78,2.05,2.03,2.39,1.41,2.09,0.99,1.59,0.11
2024,7,1.18,1.67,0.95,1.44,1.74,1.22,0.91,1.51,0.77,1.73,1.82,2.35,1.58,1.11,0.93,1.43,1.14
2024,8,1.24,1.87,0.95,1.43,1.66,1.25,1.04,2.34,0.73,1.51,1.69,2.71,1.46,1.45,2.24,1.44,1.74
2024,9,1.21,1.84,0.93,1.55,1.98,1.22,0.87,1.52,0.72,1.35,1.7,2.29,2.66,2.29,1.51,2.48,0.25
2024,10,1.31,2.17,0.92,1.71,2.36,1.21,0.91,1.72,0.72,1.3,1.89,1.77,2.42,2.09,1.99,3.56,0.69
2024,11,1.3,2.21,0.89,1.86,2.82,1.14,0.74,0.83,0.71,1.12,3.34,1.3,2.55,1.48,1.48,4.37,-0.29
2024,12,1.25,2.18,0.84,1.75,2.71,1.03,0.75,0.97,0.7,1.32,2.75,1.94,3.21,1.11,1.5,4.41,0
2025,1,1.31,2.26,0.88,1.78,2.84,0.97,0.83,0.93,0.81,1.24,3.36,2.99,2.44,1.22,1.74,3.65,0.25
2025,2,1.22,2.04,0.86,1.58,2.5,0.89,0.87,1,0.84,0.89,2.54,1.35,1.62,1.47,1.47,4.98,0.25
2025,3,1.31,2.29,0.88,1.73,2.85,0.88,0.9,1.01,0.87,1.81,2.93,2.97,2.41,1.16,1.9,3.49,0.14
2025,4,1.19,1.98,0.84,1.57,2.48,0.87,0.82,0.82,0.82,1.31,3.22,1.87,1.89,0.88,1.03,3,0.4
2025,5,1.06,1.55,0.84,1.29,1.79,0.9,0.83,0.98,0.79,1.27,2.02,0.63,1.47,1.3,0.94,2.3,0.42
2025,6,0.96,1.23,0.83,1.17,1.42,0.98,0.74,0.78,0.73,1.13,1.64,1.96,1.31,0.68,0.68,1.23,0.52
2025,7,0.95,1.11,0.88,1.23,1.37,1.12,0.67,0.53,0.71,1.12,1.52,2.12,1.09,1.01,0.78,1.3,-0.09
2025,8,1.05,1.47,0.87,1.28,1.5,1.12,0.82,1.41,0.69,1.1,1.59,1.63,1.49,1.01,0.73,1.92,1.17
2025,9,1.13,1.76,0.85,1.4,1.8,1.09,0.86,1.65,0.67,1.13,1.62,1.85,2.35,1.47,1.04,2.14,1.11
2025,10,1.14,1.91,0.79,1.45,2,1.04,0.83,1.7,0.62,1.43,1.14,1.23,2.63,1.07,1.99,3.38,1.15
2025,11,1.12,1.97,0.74,1.59,2.49,0.92,0.65,0.8,0.61,0.93,2.26,1.95,3.45,1.01,0.76,3.24,0.38
2025,12,1.02,1.58,0.77,1.37,2.02,0.88,0.67,0.57,0.7,1.23,2.09,2.4,1.26,1.1,1.07,2.24,-0.03
2026,1,1.09,1.71,0.82,1.41,2.09,0.9,0.77,0.83,0.76,1.89,1.3,0.08,3.02,0.99,1.55,3.2,0.05
2026,2,1.16,1.81,0.87,1.51,2.29,0.92,0.82,0.72,0.84,1.87,2.75,1.33,2.1,1.06,0.58,0.92,0.4
2026,3,1.21,1.88,0.9,1.51,2.27,0.94,0.9,0.99,0.88,0.93,3.21,2.87,0.96,1.17,0.62,2.22,0.65
2026,4,1.14,1.55,0.95,1.34,1.76,1.02,0.93,1.06,0.9,0.69,2.33,1.32,1.02,1.17,1.05,2.28,0.68
2026,5,1.07,1.35,0.94,1.26,1.55,1.04,0.88,0.88,0.88,1.6,1.77,1.27,1.16,0.63,0.75,1.62,0.55
2026,6,1.11,1.36,0.99,1.42,1.75,1.17,0.79,0.48,0.86,1.66,1.8,2.43,1.71,0.97,1.38,2.17,-0.49
2026,7,1.2,1.59,1.02,1.51,1.86,1.25,0.89,0.99,0.86,2.09,1.96,1.71,1.77,1.8,1.09,1.55,-0.21
2026,8,1.32,1.84,1.08,1.61,1.98,1.33,1.02,1.54,0.9,2.33,1.75,2.25,2.08,1.55,1.22,1.63,0.89
